{
  "nfcorpus": {
    "0.10": {
      "mode": "learned",
      "dep_score": 0.8733528981873758,
      "ece_15": 0.034136043464143506,
      "ndcg_10": 0.6738168075322692,
      "brier": 0.15868552901208066
    },
    "0.20": {
      "mode": "learned",
      "dep_score": 0.8733528981873758,
      "ece_15": 0.034136043464143506,
      "ndcg_10": 0.6738168075322692,
      "brier": 0.15868552901208066
    },
    "0.30": {
      "mode": "learned",
      "dep_score": 0.8733528981873758,
      "ece_15": 0.034136043464143506,
      "ndcg_10": 0.6738168075322692,
      "brier": 0.15868552901208066
    },
    "0.50": {
      "mode": "learned",
      "dep_score": 0.8733528981873758,
      "ece_15": 0.034136043464143506,
      "ndcg_10": 0.6738168075322692,
      "brier": 0.15868552901208066
    }
  },
  "scifact": {
    "0.10": {
      "mode": "learned",
      "dep_score": 0.810793640096709,
      "ece_15": 0.018052082434510106,
      "ndcg_10": 0.6949581072998107,
      "brier": 0.021786052431213457
    },
    "0.20": {
      "mode": "learned",
      "dep_score": 0.810793640096709,
      "ece_15": 0.018052082434510106,
      "ndcg_10": 0.6949581072998107,
      "brier": 0.021786052431213457
    },
    "0.30": {
      "mode": "learned",
      "dep_score": 0.810793640096709,
      "ece_15": 0.018052082434510106,
      "ndcg_10": 0.6949581072998107,
      "brier": 0.021786052431213457
    },
    "0.50": {
      "mode": "learned",
      "dep_score": 0.810793640096709,
      "ece_15": 0.018052082434510106,
      "ndcg_10": 0.6949581072998107,
      "brier": 0.021786052431213457
    }
  },
  "fiqa": {
    "0.10": {
      "mode": "learned",
      "dep_score": 0.841342951864975,
      "ece_15": 0.0070928777232025855,
      "ndcg_10": 0.8270714055426442,
      "brier": 0.03269504851769241
    },
    "0.20": {
      "mode": "learned",
      "dep_score": 0.841342951864975,
      "ece_15": 0.0070928777232025855,
      "ndcg_10": 0.8270714055426442,
      "brier": 0.03269504851769241
    },
    "0.30": {
      "mode": "learned",
      "dep_score": 0.841342951864975,
      "ece_15": 0.0070928777232025855,
      "ndcg_10": 0.8270714055426442,
      "brier": 0.03269504851769241
    },
    "0.50": {
      "mode": "learned",
      "dep_score": 0.841342951864975,
      "ece_15": 0.0070928777232025855,
      "ndcg_10": 0.8270714055426442,
      "brier": 0.03269504851769241
    }
  },
  "trec-covid": {
    "0.10": {
      "mode": "learned",
      "dep_score": 0.8196013189696592,
      "ece_15": 0.03400820718661318,
      "ndcg_10": 0.859725502856811,
      "brier": 0.15093082974199845
    },
    "0.20": {
      "mode": "learned",
      "dep_score": 0.8196013189696592,
      "ece_15": 0.03400820718661318,
      "ndcg_10": 0.859725502856811,
      "brier": 0.15093082974199845
    },
    "0.30": {
      "mode": "learned",
      "dep_score": 0.8196013189696592,
      "ece_15": 0.03400820718661318,
      "ndcg_10": 0.859725502856811,
      "brier": 0.15093082974199845
    },
    "0.50": {
      "mode": "learned",
      "dep_score": 0.8196013189696592,
      "ece_15": 0.03400820718661318,
      "ndcg_10": 0.859725502856811,
      "brier": 0.15093082974199845
    }
  },
  "arguana": {
    "0.10": {
      "mode": "learned",
      "dep_score": 0.8587219197040407,
      "ece_15": 0.003971817811428423,
      "ndcg_10": 0.6609004989248847,
      "brier": 0.020605989272580522
    },
    "0.20": {
      "mode": "learned",
      "dep_score": 0.8587219197040407,
      "ece_15": 0.003971817811428423,
      "ndcg_10": 0.6609004989248847,
      "brier": 0.020605989272580522
    },
    "0.30": {
      "mode": "learned",
      "dep_score": 0.8587219197040407,
      "ece_15": 0.003971817811428423,
      "ndcg_10": 0.6609004989248847,
      "brier": 0.020605989272580522
    },
    "0.50": {
      "mode": "learned",
      "dep_score": 0.8587219197040407,
      "ece_15": 0.003971817811428423,
      "ndcg_10": 0.6609004989248847,
      "brier": 0.020605989272580522
    }
  }
}