{
  "_type": "calfuse_baselines_v1",
  "substrate": "synthetic_v1",
  "tiers": {
    "hetero_dependent": {
      "calfuse_report": {
        "dependence_score": 0.3717585283792722,
        "mode": "learned",
        "prior": 0.2916666666666667,
        "prior_correction": 0.0,
        "weights": []
      },
      "methods": {
        "calfuse_auto": {
          "brier": 0.09230819498080826,
          "ece_10": 0.035568896569836195,
          "ece_15": 0.03843292658815793,
          "mce_15": 0.17579625499113752,
          "ndcg_10": 0.9237142171962466,
          "nll": 0.3001721223722699
        },
        "calfuse_copula": {
          "brier": 0.08783646271325721,
          "ece_10": 0.03440762126778124,
          "ece_15": 0.03301079222323842,
          "mce_15": 0.21518230846223474,
          "ndcg_10": 0.9407604845872802,
          "nll": 0.27361529840284016
        },
        "calfuse_copula_multical": {
          "brier": 0.08896592526051013,
          "ece_10": 0.03131113728566243,
          "ece_15": 0.03067933670587396,
          "mce_15": 0.18303174233964403,
          "ndcg_10": 0.9323127733139995,
          "nll": 0.2760765824300728
        },
        "calfuse_parametric": {
          "brier": 0.08452771722065439,
          "ece_10": 0.02541939874111175,
          "ece_15": 0.024092565320798794,
          "mce_15": 0.1384210875606754,
          "ndcg_10": 0.9545426457541025,
          "nll": 0.26626170830889123
        },
        "linear_learned": {
          "brier": 0.08447792436192175,
          "ece_10": 0.023253790494126052,
          "ece_15": 0.025088298025001083,
          "mce_15": 0.13522296699948433,
          "ndcg_10": 0.9543894413203087,
          "nll": 0.26609796767718097
        },
        "rrf": {
          "brier": 0.10143501295990366,
          "ece_10": 0.01809845194986691,
          "ece_15": 0.019994827574283395,
          "mce_15": 0.1220603489594132,
          "ndcg_10": 0.8683654479005577,
          "nll": 0.3217753301252942
        }
      },
      "signals": [
        "bm25",
        "dense_bge",
        "dense_e5"
      ]
    },
    "hetero_independent": {
      "calfuse_report": {
        "dependence_score": 0.9091322246908511,
        "mode": "learned",
        "prior": 0.2916666666666667,
        "prior_correction": 0.0,
        "weights": []
      },
      "methods": {
        "calfuse_auto": {
          "brier": 0.09306349897799505,
          "ece_10": 0.03795303963217372,
          "ece_15": 0.04196770978890127,
          "mce_15": 0.2417694365965114,
          "ndcg_10": 0.9236582037927412,
          "nll": 0.3484370148037707
        },
        "calfuse_copula": {
          "brier": 0.1001678058209761,
          "ece_10": 0.036675041405864015,
          "ece_15": 0.04228677525448662,
          "mce_15": 0.12397486902631766,
          "ndcg_10": 0.8921624778896889,
          "nll": 0.3881477517701179
        },
        "calfuse_copula_multical": {
          "brier": 0.1326334360918709,
          "ece_10": 0.07189675316580121,
          "ece_15": 0.07720776348812626,
          "mce_15": 0.18274268385779935,
          "ndcg_10": 0.8445185326004278,
          "nll": 0.5556859311645618
        },
        "calfuse_parametric": {
          "brier": 0.08425979518704962,
          "ece_10": 0.025592835300489614,
          "ece_15": 0.02330296789709165,
          "mce_15": 0.13883917447987626,
          "ndcg_10": 0.9562068811485139,
          "nll": 0.2669866680825445
        },
        "linear_learned": {
          "brier": 0.0843999472863945,
          "ece_10": 0.02583853875671815,
          "ece_15": 0.027509398587842175,
          "mce_15": 0.14031557530760352,
          "ndcg_10": 0.9557393758447963,
          "nll": 0.2670311066001307
        },
        "reranker_fusion": {
          "brier": 0.1264803688022447,
          "ece_10": 0.03195401107832621,
          "ece_15": 0.03774429125325791,
          "mce_15": 0.17160003734454016,
          "ndcg_10": 0.771758316663013,
          "nll": 0.3751509396590742
        },
        "rrf": {
          "brier": 0.0997031497004189,
          "ece_10": 0.01965217162860753,
          "ece_15": 0.027479857985058365,
          "mce_15": 0.10668507700312842,
          "ndcg_10": 0.8645173757992556,
          "nll": 0.3072139032390907
        }
      },
      "signals": [
        "bm25",
        "ppr_graph",
        "cross_encoder"
      ]
    },
    "homogeneous_dense": {
      "calfuse_report": {
        "dependence_score": 0.2226943558613227,
        "mode": "parametric",
        "prior": 0.2916666666666667,
        "prior_correction": -0.6591564654553485,
        "weights": [
          0.8525557377972337,
          0.8918206753798802
        ]
      },
      "methods": {
        "calfuse_auto": {
          "brier": 0.14936361734358208,
          "ece_10": 0.02676286147947818,
          "ece_15": 0.03170408287815309,
          "mce_15": 0.09781089152125122,
          "ndcg_10": 0.73970837284816,
          "nll": 0.4559816210628452
        },
        "calfuse_copula": {
          "brier": 0.15381996870621495,
          "ece_10": 0.051199855957161186,
          "ece_15": 0.05882980948247822,
          "mce_15": 0.16749241201641554,
          "ndcg_10": 0.7429799292075651,
          "nll": 0.46609087960150497
        },
        "calfuse_copula_multical": {
          "brier": 0.15153677441392194,
          "ece_10": 0.025894736165841092,
          "ece_15": 0.030712636568439387,
          "mce_15": 0.18831046411103225,
          "ndcg_10": 0.7342849229484474,
          "nll": 0.46239561573893445
        },
        "calfuse_parametric": {
          "brier": 0.14936361734358208,
          "ece_10": 0.02676286147947818,
          "ece_15": 0.03170408287815309,
          "mce_15": 0.09781089152125122,
          "ndcg_10": 0.73970837284816,
          "nll": 0.4559816210628452
        },
        "linear_learned": {
          "brier": 0.149370387505783,
          "ece_10": 0.02797409187928981,
          "ece_15": 0.03404484422601892,
          "mce_15": 0.08891122569739152,
          "ndcg_10": 0.73970837284816,
          "nll": 0.4560198224583355
        },
        "rrf": {
          "brier": 0.14300924831608708,
          "ece_10": 0.02742091665972765,
          "ece_15": 0.02955990535326506,
          "mce_15": 0.11536678463529926,
          "ndcg_10": 0.7345141371612164,
          "nll": 0.43930463415793325
        }
      },
      "signals": [
        "dense_bge",
        "dense_e5"
      ]
    },
    "homogeneous_lexical": {
      "calfuse_report": {
        "dependence_score": 0.429050734124644,
        "mode": "learned",
        "prior": 0.2916666666666667,
        "prior_correction": 0.0,
        "weights": []
      },
      "methods": {
        "calfuse_auto": {
          "brier": 0.08965111302970862,
          "ece_10": 0.0319485136182351,
          "ece_15": 0.03271535100534711,
          "mce_15": 0.38607842501805734,
          "ndcg_10": 0.9416465206890478,
          "nll": 0.30216795431639887
        },
        "calfuse_copula": {
          "brier": 0.10314557436622879,
          "ece_10": 0.06307374750131428,
          "ece_15": 0.06450144646564229,
          "mce_15": 0.31869359970025146,
          "ndcg_10": 0.9214324668382905,
          "nll": 0.3421133376518402
        },
        "calfuse_copula_multical": {
          "brier": 0.11801882892085405,
          "ece_10": 0.06270804429580702,
          "ece_15": 0.06414505309925896,
          "mce_15": 0.26347672006001394,
          "ndcg_10": 0.866882069276166,
          "nll": 0.4094687942529793
        },
        "calfuse_parametric": {
          "brier": 0.08602177266071483,
          "ece_10": 0.025264665844222312,
          "ece_15": 0.022608895684072525,
          "mce_15": 0.1302689592488746,
          "ndcg_10": 0.955184602673161,
          "nll": 0.2692495731454415
        },
        "linear_learned": {
          "brier": 0.08604966516594502,
          "ece_10": 0.02542229135438891,