{
  "nfcorpus": {
    "n_test": 13841,
    "decision_threshold_coverage": 0.7334007658406184,
    "binwise_envelope_coverage": 0.2,
    "mean_envelope_width": 0.003943769707861335,
    "median_envelope_width": 0.0015432098765432167,
    "p90_envelope_width": 0.008403361344537785,
    "per_bin": {
      "n": [
        2289,
        1825,
        705,
        1040,
        1587,
        1360,
        1892,
        1304,
        931,
        908
      ],
      "acc": [
        0.06247269550021844,
        0.20931506849315068,
        0.26666666666666666,
        0.3346153846153846,
        0.39760554505356016,
        0.4838235294117647,
        0.5872093023255814,
        0.745398773006135,
        0.8464017185821697,
        0.947136563876652
      ],
      "p_lo": [
        0.08387214731691026,
        0.14296107957658136,
        0.2373254132986817,
        0.3322149028376005,
        0.4662589835256223,
        0.5579825495686908,
        0.6320669917947249,
        0.7557375442445384,
        0.8469889571154269,
        0.9414581377810045
      ],
      "p_hi": [
        0.08438306343608618,
        0.14594272854208168,
        0.24368502641812392,
        0.3360651004598676,
        0.4711224487896268,
        0.5616738627203987,
        0.6348434122324866,
        0.7631921980375205,
        0.85362951172863,
        0.9476170251949131
      ]
    }
  },
  "scifact": {
    "n_test": 3698,
    "decision_threshold_coverage": 0.9802595997836668,
    "binwise_envelope_coverage": 0.3333333333333333,
    "mean_envelope_width": 0.0054281087035071875,
    "median_envelope_width": 0.0020491803278688526,
    "p90_envelope_width": 0.007567630597014989,
    "per_bin": {
      "n": [
        3538,
        26,
        43,
        5,
        20,
        13,
        24,
        12,
        3,
        14
      ],
      "acc": [
        0.009609949123798756,
        0.19230769230769232,
        0.20930232558139536,
        0.0,
        0.7,
        0.38461538461538464,
        0.5,
        0.75,
        0.3333333333333333,
        0.6428571428571429
      ],
      "p_lo": [
        0.009446129484283689,
        0.12055091565469321,
        0.2267985953862409,
        0.2269432843342624,
        0.4534906270200388,
        0.47041420118343197,
        0.5925247720494636,
        0.712177591396559,
        0.8145858301198371,
        0.8819444444444445
      ],
      "p_hi": [
        0.012316840648071892,
        0.1496495947533723,
        0.27596750073629683,
        0.397469600123736,
        0.4906593406593407,
        0.5680473372781065,
        0.6470861443191693,
        0.7836061628251306,
        0.9349562004902076,
        1.0
      ]
    }
  },
  "arguana": {
    "n_test": 17299,
    "decision_threshold_coverage": 0.9761257876177813,
    "binwise_envelope_coverage": 0.0,
    "mean_envelope_width": 0.002126861553705423,
    "median_envelope_width": 0.0006574621959237344,
    "p90_envelope_width": 0.0050251256281407045,
    "per_bin": {
      "n": [
        16161,
        907,
        57,
        147,
        15,
        10,
        0,
        0,
        2,
        0
      ],
      "acc": [
        0.011509188787822536,
        0.16538037486218302,
        0.19298245614035087,
        0.42857142857142855,
        0.13333333333333333,
        0.6,
        0.0,
        0.0,
        0.5,
        0.0
      ],
      "p_lo": [
        0.01180035298086789,
        0.15093590287816033,
        0.20690332862671387,
        0.3399658616311934,
        0.40000000000000013,
        0.484,
        0.0,
        0.0,
        0.6666666666666667,
        0.0
      ],
      "p_hi": [
        0.01321045652186867,
        0.15893071290700417,
        0.22706131061231682,
        0.3651798355424383,
        0.43847619047619063,
        0.5493333333333335,
        0.0,
        0.0,
        1.0,
        0.0
      ]
    }
  },
  "fiqa": {
    "n_test": 14632,
    "decision_threshold_coverage": 0.9481957353745216,
    "binwise_envelope_coverage": 0.3,
    "mean_envelope_width": 0.003498709293573487,
    "median_envelope_width": 0.001180637544273902,
    "p90_envelope_width": 0.007142857142857145,
    "per_bin": {
      "n": [
        12830,
        751,
        344,
        227,
        108,
        79,
        148,
        59,
        61,
        25
      ],
      "acc": [
        0.023304754481683555,
        0.1877496671105193,
        0.2441860465116279,
        0.32158590308370044,
        0.3055555555555556,
        0.4177215189873418,
        0.5945945945945946,
        0.7796610169491526,
        0.8360655737704918,
        0.96
      ],
      "p_lo": [
        0.02365606556781223,
        0.15407324646208576,
        0.23868461667636784,
        0.3286352247872653,
        0.4082667760484766,
        0.5595087683745489,
        0.6249056865831495,
        0.704661552698221,
        0.8204328386038895,
        0.9571927437641722
      ],
      "p_hi": [
        0.02547221430604222,
        0.16204696937672644,
        0.25563181072298485,
        0.3497074598668137,
        0.43299491091988634,
        0.5722571322104227,
        0.6374948718348247,
        0.725657627872428,
        0.8768347973009302,
        1.0
      ]
    }
  },
  "trec-covid": {
    "n_test": 18736,
    "decision_threshold_coverage": 0.7932322801024765,
    "binwise_envelope_coverage": 0.1,
    "mean_envelope_width": 0.004573434785919038,
    "median_envelope_width": 0.0021186440677966045,
    "p90_envelope_width": 0.008695652173913104,
    "per_bin": {
      "n": [
        2369,
        3302,
        2306,
        1573,
        1501,
        1832,
        2135,
        1476,
        1140,
        1102
      ],
      "acc": [
        0.026593499366821444,
        0.0950938824954573,
        0.19731136166522117,
        0.2873490146217419,
        0.36575616255829446,
        0.4972707423580786,
        0.7007025761124122,
        0.7872628726287263,
        0.8973684210526316,
        0.9373865698729582
      ],
      "p_lo": [
        0.040248375448107686,
        0.14795520355233363,
        0.252360675291566,
        0.35512306831005336,
        0.44159645132217196,
        0.5440116124457725,
        0.6469564169186808,
        0.7359090375678784,
        0.8377883183346724,
        0.9245001524574872
      ],
      "p_hi": [
        0.04427060806908204,
        0.1506932020491142,
        0.25533583444664315,
        0.3579334371639823,
        0.44574222836760585,
        0.5487795231071201,
        0.65015877501667,
        0.7442485294805177,
        0.8441691782045748,
        0.937620822406622
      ]
    }
  }
}