{
  "nfcorpus": {
    "pi_cal": 0.47447386561777705,
    "n_test": 13841,
    "alphas": {
      "0.05": {
        "ville": {
          "empirical_type1": 0.0,
          "empirical_type2": 0.009209011675711231,
          "abstention_rate": 0.9874286539989885,
          "mean_stopping_time": 5.945451918214002,
          "compute_savings": 0.011640815054738796,
          "per_signal_consumption_rate": [
            1.0,
            0.9921248464706307,
            0.9883678924933169,
            0.9883678924933169,
            0.9882956433783686,
            0.9882956433783686
          ]
        },
        "conformal": {
          "empirical_type1": 0.04213917525773196,
          "empirical_type2": 0.022858082552211806,
          "abstention_rate": 0.8730583050357633,
          "mean_stopping_time": 5.7836139007297165,
          "compute_savings": 0.06477992142967581,
          "upper_threshold": 2.2472428093742463,
          "lower_threshold": 0.10228508527630666,
          "per_signal_consumption_rate": [
            1.0,
            0.9770970305613756,
            0.9711726031356116,
            0.9711726031356116,
            0.9407557257423597,
            0.9234159381547576
          ]
        }
      },
      "0.10": {
        "ville": {
          "empirical_type1": 0.0,
          "empirical_type2": 0.022364742641012993,
          "abstention_rate": 0.9690051296871613,
          "mean_stopping_time": 5.865472147966187,
          "compute_savings": 0.028107494445407943,
          "per_signal_consumption_rate": [
            1.0,
            0.9776750234809624,
            0.9721840907448884,
            0.9721840907448884,
            0.9717505960551983,
            0.97167834694025
          ]
        },
        "conformal": {
          "empirical_type1": 0.09291237113402062,
          "empirical_type2": 0.04324946554842953,
          "abstention_rate": 0.7424319052091611,
          "mean_stopping_time": 5.514847193121884,
          "compute_savings": 0.1456913993194464,
          "upper_threshold": 2.177738472406497,
          "lower_threshold": 0.17005073522509123,
          "per_signal_consumption_rate": [
            1.0,
            0.9447294270645185,
            0.9341810562820605,
            0.9341810562820605,
            0.8760205187486453,
            0.8257351347445994
          ]
        }
      },
      "0.20": {
        "ville": {
          "empirical_type1": 0.0,
          "empirical_type2": 0.04982733103108041,
          "abstention_rate": 0.9115670833032296,
          "mean_stopping_time": 5.59128675673723,
          "compute_savings": 0.08431401112730508,
          "per_signal_consumption_rate": [
            1.0,
            0.927317390361968,
            0.9167690195795102,
            0.9167690195795102,
            0.91546853551044,
            0.9149627917058016
          ]
        },
        "conformal": {
          "empirical_type1": 0.2009020618556701,
          "empirical_type2": 0.07087650057556323,
          "abstention_rate": 0.5178094068347663,
          "mean_stopping_time": 4.857163499747128,
          "compute_savings": 0.33931949805927575,
          "upper_threshold": 2.0928548496959785,
          "lower_threshold": 0.27739957682427796,
          "per_signal_consumption_rate": [
            1.0,
            0.8773932519326638,
            0.8658333935409291,
            0.8040604002600968,
            0.7037063795968499,
            0.6061700744165884
          ]
        }
      }
    }
  },
  "scifact": {
    "pi_cal": 0.027237354085603113,
    "n_test": 3698,
    "alphas": {
      "0.05": {
        "ville": {
          "empirical_type1": 0.04972222222222222,
          "empirical_type2": 0.15306122448979592,
          "abstention_rate": 0.21038399134667388,
          "mean_stopping_time": 4.852082206598161,
          "compute_savings": 0.5179320453172152,
          "per_signal_consumption_rate": [
            1.0,
            0.997025419145484,
            0.9951325040562466,
            0.9951325040562466,
            0.5446187128177393,
            0.32017306652244454
          ]
        },
        "conformal": {
          "empirical_type1": 0.04666666666666667,
          "empirical_type2": 0.0,
          "abstention_rate": 0.8907517577068685,
          "mean_stopping_time": 5.9129259058950785,
          "compute_savings": 0.03745664088168099,
          "upper_threshold": 24.30279442179406,
          "lower_threshold": 1.202745996991586e-07,
          "per_signal_consumption_rate": [
            1.0,
            0.9975662520281233,
            0.9964845862628448,
            0.9964845862628448,
            0.9718766901027582,
            0.9505137912385073
          ]
        }
      },
      "0.10": {
        "ville": {
          "empirical_type1": 0.06305555555555556,
          "empirical_type2": 0.17346938775510204,
          "abstention_rate": 0.1517036235803137,
          "mean_stopping_time": 4.620335316387236,
          "compute_savings": 0.5951117163428423,
          "per_signal_consumption_rate": [
            1.0,
            0.99269875608437,
            0.9894537587885344,
            0.9894537587885344,
            0.41238507301243915,
            0.23634396971335858
          ]
        },
        "conformal": {
          "empirical_type1": 0.08861111111111111,
          "empirical_type2": 0.01020408163265306,
          "abstention_rate": 0.8034072471606274,
          "mean_stopping_time": 5.76473769605192,
          "compute_savings": 0.08497330188164043,
          "upper_threshold": 4.450422787134056,
          "lower_threshold": 1.1290982936977362e-06,
          "per_signal_consumption_rate": [
            1.0,
            0.9840454299621417,
            0.9751216873985938,
            0.9751216873985938,
            0.9386154678204435,
            0.8918334234721471
          ]
        }
      },
      "0.20": {
        "ville": {
          "empirical_type1": 0.08305555555555555,
          "empirical_type2": 0.22448979591836735,
          "abstention_rate": 0.08572201189832342,
          "mean_stopping_time": 4.3510005408328825,
          "compute_savings": 0.6793116448190148,
          "per_signal_consumption_rate": [
            1.0,
            0.9843158464034614,
            0.9726879394267172,
            0.9726879394267172,
            0.2752839372633856,
            0.1460248783126014
          ]
        },
        "conformal": {
          "empirical_type1": 0.16083333333333333,
          "empirical_type2": 0.030612244897959183,
          "abstention_rate": 0.6468361276365603,
          "mean_stopping_time": 5.366414277988102,
          "compute_savings": 0.1925884755030891,
          "upper_threshold": 1.4258619426507995,
          "lower_threshold": 1.7317108046729028e-05,
          "per_signal_consumption_rate": [
            1.0,
            0.9342888047593294,
            0.9026500811249324,
            0.9026500811249324,
            0.8604651162790697,
            0.7663601946998377
          ]
        }
      }
    }
  },
  "arguana": {
    "pi_cal": 0.02435639442092846,
    "n_test": 17299,
    "alphas": {
      "0.05": {
        "ville": {
          "empirical_type1": 0.02849526066350711,
          "empirical_type2": 0.0,
          "abstention_rate": 0.8575640210416787,
          "mean_stopping_time": 5.885311289669923,
          "compute_savings": 0.07064858298939547,
          "per_signal_consumption_rate": [
            1.0,
            1.0,
            1.0,
            1.0,
            0.9916758194115267,
            0.8936354702583964
          ]
        },
        "conformal": {
          "empirical_type1": 0.047511848341232225,
          "empirical_type2": 0.0,
          "abstention_rate": 0.8978553673622752,
          "mean_stopping_time": 5.895774322215157,
          "compute_savings": 0.05422165766957976,
          "upper_threshold": 6.638127066723037,
          "lower_threshold": 0.024516044436448784,