{
  "grid": [
    {
      "rho_pos": 0.0,
      "rho_neg": 0.0,
      "calfuse_parametric_ece_15_mean": 0.008608810894516792,
      "calfuse_parametric_ece_15_std": 0.0019079159841395826,
      "calfuse_parametric_brier_mean": 0.04333979567832794,
      "calfuse_parametric_brier_std": 0.0010834484534096383,
      "calfuse_parametric_nll_mean": 0.14798021348777818,
      "calfuse_parametric_nll_std": 0.004383467896857933,
      "calfuse_copula_ece_15_mean": 0.00711563628252945,
      "calfuse_copula_ece_15_std": 0.0005953639988153776,
      "calfuse_copula_brier_mean": 0.04324624716669693,
      "calfuse_copula_brier_std": 0.001066727455198978,
      "calfuse_copula_nll_mean": 0.1475033659410426,
      "calfuse_copula_nll_std": 0.004224444601152063,
      "linear_learned_ece_15_mean": 0.007953437371879415,
      "linear_learned_ece_15_std": 0.0014054788370613587,
      "linear_learned_brier_mean": 0.043323959994329725,
      "linear_learned_brier_std": 0.0010718856922622697,
      "linear_learned_nll_mean": 0.14784126101709477,
      "linear_learned_nll_std": 0.00429564455936068,
      "predicted_bias_logodds": 0.0
    },
    {
      "rho_pos": 0.1,
      "rho_neg": 0.0,
      "calfuse_parametric_ece_15_mean": 0.009055060472417336,
      "calfuse_parametric_ece_15_std": 0.001168283734603389,
      "calfuse_parametric_brier_mean": 0.05007085444109306,
      "calfuse_parametric_brier_std": 0.0011106548566266067,
      "calfuse_parametric_nll_mean": 0.17135334114006198,
      "calfuse_parametric_nll_std": 0.004243148469006258,
      "calfuse_copula_ece_15_mean": 0.00745865818282172,
      "calfuse_copula_ece_15_std": 0.001396665889994157,
      "calfuse_copula_brier_mean": 0.04980946015588992,
      "calfuse_copula_brier_std": 0.0011258921355438746,
      "calfuse_copula_nll_mean": 0.17034750317834124,
      "calfuse_copula_nll_std": 0.004375882745860333,
      "linear_learned_ece_15_mean": 0.008686334782880748,
      "linear_learned_ece_15_std": 0.0013297517475841744,
      "linear_learned_brier_mean": 0.0500596667224517,
      "linear_learned_brier_std": 0.0010974588982955976,
      "linear_learned_nll_mean": 0.17124721848240884,
      "linear_learned_nll_std": 0.004178095656692668,
      "predicted_bias_logodds": 0.6000000000000001
    },
    {
      "rho_pos": 0.2,
      "rho_neg": 0.0,
      "calfuse_parametric_ece_15_mean": 0.010810794494750375,
      "calfuse_parametric_ece_15_std": 0.0016260847715571618,
      "calfuse_parametric_brier_mean": 0.05575952883923271,
      "calfuse_parametric_brier_std": 0.0010432465827580142,
      "calfuse_parametric_nll_mean": 0.1915335904803641,
      "calfuse_parametric_nll_std": 0.00415425315380329,
      "calfuse_copula_ece_15_mean": 0.008672377451029159,
      "calfuse_copula_ece_15_std": 0.0011177584834225064,
      "calfuse_copula_brier_mean": 0.05495826777818104,
      "calfuse_copula_brier_std": 0.0011065609575241836,
      "calfuse_copula_nll_mean": 0.18841489996988064,
      "calfuse_copula_nll_std": 0.004433873504920246,
      "linear_learned_ece_15_mean": 0.010791978017334336,
      "linear_learned_ece_15_std": 0.001800499430422031,
      "linear_learned_brier_mean": 0.05575458425703511,
      "linear_learned_brier_std": 0.0010319885951264394,
      "linear_learned_nll_mean": 0.19145997001364157,
      "linear_learned_nll_std": 0.004104486722116521,
      "predicted_bias_logodds": 1.2000000000000002
    },
    {
      "rho_pos": 0.3,
      "rho_neg": 0.0,
      "calfuse_parametric_ece_15_mean": 0.011810284761135654,
      "calfuse_parametric_ece_15_std": 0.0018826502094261295,
      "calfuse_parametric_brier_mean": 0.06071304089812659,
      "calfuse_parametric_brier_std": 0.0009016660395368908,
      "calfuse_parametric_nll_mean": 0.20928700559995597,
      "calfuse_parametric_nll_std": 0.004044000324427056,
      "calfuse_copula_ece_15_mean": 0.009255470628771686,
      "calfuse_copula_ece_15_std": 0.0017291861047462242,
      "calfuse_copula_brier_mean": 0.05882116021071844,
      "calfuse_copula_brier_std": 0.0010687025303323457,
      "calfuse_copula_nll_mean": 0.2018913211578975,
      "calfuse_copula_nll_std": 0.004387285601032317,
      "linear_learned_ece_15_mean": 0.011992335041516877,
      "linear_learned_ece_15_std": 0.0016216967984025064,
      "linear_learned_brier_mean": 0.06070985878383732,
      "linear_learned_brier_std": 0.0008906608870692242,
      "linear_learned_nll_mean": 0.20923152141402174,
      "linear_learned_nll_std": 0.003996066359314011,
      "predicted_bias_logodds": 1.7999999999999998
    },
    {
      "rho_pos": 0.4,
      "rho_neg": 0.0,
      "calfuse_parametric_ece_15_mean": 0.013417451065108558,
      "calfuse_parametric_ece_15_std": 0.0018893128755718858,
      "calfuse_parametric_brier_mean": 0.0650925054603338,
      "calfuse_parametric_brier_std": 0.0007326338610707237,
      "calfuse_parametric_nll_mean": 0.22510483871896253,
      "calfuse_parametric_nll_std": 0.0038986224923764114,
      "calfuse_copula_ece_15_mean": 0.008458343963972314,
      "calfuse_copula_ece_15_std": 0.0018685083089594603,
      "calfuse_copula_brier_mean": 0.061395643559166005,
      "calfuse_copula_brier_std": 0.001022830990827966,
      "calfuse_copula_nll_mean": 0.2105575511811067,
      "calfuse_copula_nll_std": 0.004246591475132807,
      "linear_learned_ece_15_mean": 0.013485599998951558,
      "linear_learned_ece_15_std": 0.002051606404464049,
      "linear_learned_brier_mean": 0.06509296081935277,
      "linear_learned_brier_std": 0.0007252475492773751,
      "linear_learned_nll_mean": 0.2250658489159359,
      "linear_learned_nll_std": 0.0038586488281664405,
      "predicted_bias_logodds": 2.4000000000000004
    },
    {
      "rho_pos": 0.5,
      "rho_neg": 0.0,
      "calfuse_parametric_ece_15_mean": 0.015090052355570574,
      "calfuse_parametric_ece_15_std": 0.002849830923073348,
      "calfuse_parametric_brier_mean": 0.0689955321777918,
      "calfuse_parametric_brier_std": 0.0005734545878328242,
      "calfuse_parametric_nll_mean": 0.23932840620270568,
      "calfuse_parametric_nll_std": 0.0037369031037587062,
      "calfuse_copula_ece_15_mean": 0.00890651747398133,
      "calfuse_copula_ece_15_std": 0.0013779937759919993,
      "calfuse_copula_brier_mean": 0.06258181180415186,
      "calfuse_copula_brier_std": 0.0010184405868712647,
      "calfuse_copula_nll_mean": 0.21379284608743515,
      "calfuse_copula_nll_std": 0.004049613891302744,
      "linear_learned_ece_15_mean": 0.015484219907843549,
      "linear_learned_ece_15_std": 0.0027711968775401517,
      "linear_learned_brier_mean": 0.06899762239981583,
      "linear_learned_brier_std": 0.0005685051011242237,
      "linear_learned_nll_mean": 0.2392948302985339,
      "linear_learned_nll_std": 0.0037004686188496167,
      "predicted_bias_logodds": 3.0
    },
    {
      "rho_pos": 0.6,
      "rho_neg": 0.0,
      "calfuse_parametric_ece_15_mean": 0.016526135645008853,
      "calfuse_parametric_ece_15_std": 0.0025644410181388864,
      "calfuse_parametric_brier_mean": 0.07250352990439345,
      "calfuse_parametric_brier_std": 0.00044963657996527145,
      "calfuse_parametric_nll_mean": 0.2522124031616619,
      "calfuse_parametric_nll_std": 0.0035773959693012588,
      "calfuse_copula_ece_15_mean": 0.008370120511457005,
      "calfuse_copula_ece_15_std": 0.001198535096112278,
      "calfuse_copula_brier_mean": 0.06209640271169643,
      "calfuse_copula_brier_std": 0.001074258729931396,
      "calfuse_copula_nll_mean": 0.21041448003807348,
      "calfuse_copula_nll_std": 0.003826626671646862,
      "linear_learned_ece_15_mean": 0.01656574919265411,
      "linear_learned_ece_15_std": 0.0027645582238592847,
      "linear_learned_brier_mean": 0.0725067173036166,
      "linear_learned_brier_std": 0.00044852989305847355,
      "linear_learned_nll_mean": 0.25218211415212904,
      "linear_learned_nll_std": 0.003544166125746644,
      "predicted_bias_logodds": 3.5999999999999996
    }
  ],