{
  "nfcorpus->scifact": {
    "drift_per_signal_ks": {
      "bm25": 0.7703069523221635,
      "dense_bge": 0.2187588634276682,
      "dense_e5": 0.25467808600907377,
      "cross_encoder": 0.35630359135534967,
      "ppr_graph": 0.21608286899288917,
      "minhash_lsh": 0.2161954831144719
    },
    "drift_reject": true,
    "worst_drift_signal": "bm25",
    "methods": {
      "linear_learned": {
        "ece_15": 0.03800950454624069,
        "ece_10": 0.027443259571293177,
        "mce_15": 0.49431484521307684,
        "brier": 0.03016577934075512,
        "nll": 0.2669649725995605,
        "ndcg_10": 0.19812918412955954
      },
      "calfuse_parametric": {
        "ece_15": 0.03984655269526091,
        "ece_10": 0.029588122137076518,
        "mce_15": 0.6696541028483068,
        "brier": 0.030597472591655028,
        "nll": 0.26042915530726907,
        "ndcg_10": 0.20222996464543222
      },
      "calfuse_multical": {
        "ece_15": 0.036798557057483194,
        "ece_10": 0.02978587237836604,
        "mce_15": 0.6696541028483068,
        "brier": 0.029953810024588176,
        "nll": 0.23075155274437825,
        "ndcg_10": 0.21130963692179833
      }
    }
  },
  "nfcorpus->arguana": {
    "drift_per_signal_ks": {
      "bm25": 0.998204585329153,
      "dense_bge": 0.4581920822654401,
      "dense_e5": 0.29682644178032325,
      "cross_encoder": 0.7158290841405857,
      "ppr_graph": 0.20994032687497044,
      "minhash_lsh": 0.666154638492267
    },
    "drift_reject": true,
    "worst_drift_signal": "bm25",
    "methods": {
      "linear_learned": {
        "ece_15": 0.02421998156459758,
        "ece_10": 0.02421998156459758,
        "mce_15": 0.02421998156459758,
        "brier": 0.024219985185045905,
        "nll": 0.6434880651621034,
        "ndcg_10": 0.0881465577329304
      },
      "calfuse_parametric": {
        "ece_15": 0.024219065948380563,
        "ece_10": 0.024219065948380563,
        "mce_15": 0.024219065948380563,
        "brier": 0.02421983425484704,
        "nll": 0.517710743168465,
        "ndcg_10": 0.3508352608946091
      },
      "calfuse_multical": {
        "ece_15": 0.02421841320490289,
        "ece_10": 0.02421841320490289,
        "mce_15": 0.02421841320490289,
        "brier": 0.024219815699829412,
        "nll": 0.501489679324467,
        "ndcg_10": 0.2795891313508996
      }
    }
  },
  "scifact->nfcorpus": {
    "drift_per_signal_ks": {
      "bm25": 0.7573423514472454,
      "dense_bge": 0.2024412704186916,
      "dense_e5": 0.25283679683970567,
      "cross_encoder": 0.30941071194802633,
      "ppr_graph": 0.21144251683305984,
      "minhash_lsh": 0.20582341454190078
    },
    "drift_reject": true,
    "worst_drift_signal": "bm25",
    "methods": {
      "linear_learned": {
        "ece_15": 0.4293454836934864,
        "ece_10": 0.42908446610656986,
        "mce_15": 0.5270956299907289,
        "brier": 0.4325108145534353,
        "nll": 3.280744988013097,
        "ndcg_10": 0.43486659857931675
      },
      "calfuse_parametric": {
        "ece_15": 0.4243712093035229,
        "ece_10": 0.424373534358418,
        "mce_15": 0.43285059402670156,
        "brier": 0.42803685689990184,
        "nll": 2.982005952445736,
        "ndcg_10": 0.4514180839731344
      },
      "calfuse_multical": {
        "ece_15": 0.4246361723921563,
        "ece_10": 0.4246384974470513,
        "mce_15": 0.4325381156470851,
        "brier": 0.4281781203203634,
        "nll": 2.982848075347517,
        "ndcg_10": 0.45195122393587833
      }
    }
  },
  "scifact->arguana": {
    "drift_per_signal_ks": {
      "bm25": 0.9655827365023911,
      "dense_bge": 0.3450615833712527,
      "dense_e5": 0.07445196557773182,
      "cross_encoder": 0.571576985886966,
      "ppr_graph": 0.1636596535235275,
      "minhash_lsh": 0.46663255615039334
    },
    "drift_reject": true,
    "worst_drift_signal": "bm25",
    "methods": {
      "linear_learned": {
        "ece_15": 0.14259837288333035,
        "ece_10": 0.14259837288333035,
        "mce_15": 0.8239245465540107,
        "brier": 0.07940878296040813,
        "nll": 0.2740447342396729,
        "ndcg_10": 0.5936148597955677
      },
      "calfuse_parametric": {
        "ece_15": 0.09167093696995753,
        "ece_10": 0.09166801245887565,
        "mce_15": 0.569896310786925,
        "brier": 0.04562766196131582,
        "nll": 0.1636990296152031,
        "ndcg_10": 0.5996044045186248
      },
      "calfuse_multical": {
        "ece_15": 0.08954500086422457,
        "ece_10": 0.08954207635314271,
        "mce_15": 0.569896310786925,
        "brier": 0.04530328074859185,
        "nll": 0.16207233320789,
        "ndcg_10": 0.5949193557036068
      }
    }
  },
  "arguana->nfcorpus": {
    "drift_per_signal_ks": {
      "bm25": 0.9984970569753433,
      "dense_bge": 0.4531508056613566,
      "dense_e5": 0.3021192348436199,
      "cross_encoder": 0.7024108563562609,
      "ppr_graph": 0.19348264853854769,
      "minhash_lsh": 0.6707599258770505
    },
    "drift_reject": true,
    "worst_drift_signal": "bm25",
    "methods": {
      "linear_learned": {
        "ece_15": 0.4285721180921942,
        "ece_10": 0.42837168516025687,
        "mce_15": 0.5451620143364416,
        "brier": 0.42971908984615614,
        "nll": 3.2102980173660844,
        "ndcg_10": 0.45839284984752526
      },
      "calfuse_parametric": {
        "ece_15": 0.4347455046246038,
        "ece_10": 0.4347455046246038,
        "mce_15": 0.6382591894784193,
        "brier": 0.43503979902858375,
        "nll": 3.256329692073749,
        "ndcg_10": 0.4749067773463482
      },
      "calfuse_multical": {
        "ece_15": 0.43474884495616584,
        "ece_10": 0.43474884495616584,
        "mce_15": 0.6359141004867983,
        "brier": 0.43505243953723055,
        "nll": 3.2563580460113344,
        "ndcg_10": 0.4746632061093385
      }
    }
  },
  "arguana->scifact": {
    "drift_per_signal_ks": {
      "bm25": 0.9767378811457911,
      "dense_bge": 0.34673589472677246,
      "dense_e5": 0.05934369586299815,
      "cross_encoder": 0.5665027605144635,
      "ppr_graph": 0.17783822517945416,
      "minhash_lsh": 0.4482631105625514
    },
    "drift_reject": true,
    "worst_drift_signal": "bm25",
    "methods": {
      "linear_learned": {
        "ece_15": 0.01778018452699724,
        "ece_10": 0.017870586862076914,
        "mce_15": 0.6430126190885872,
        "brier": 0.021528774229552506,
        "nll": 0.09403495662210261,
        "ndcg_10": 0.7540211246240106
      },
      "calfuse_parametric": {
        "ece_15": 0.018051279395791202,
        "ece_10": 0.018031315201336117,
        "mce_15": 0.6042303209055602,
        "brier": 0.021564989921727576,
        "nll": 0.09401775522752878,
        "ndcg_10": 0.7591085918915286
      },
      "calfuse_multical": {
        "ece_15": 0.01815495593966679,
        "ece_10": 0.018134991745211708,
        "mce_15": 0.6002348579846682,
        "brier": 0.021596781553294052,
        "nll": 0.09410424011499287,
        "ndcg_10": 0.7591085918915286
      }
    }
  }
}