{
  "nfcorpus": {
    "signal_dependence": {
      "max_abs_z": 153.33200658872613,
      "min_p_value": 0.0,
      "reject": true,
      "max_pair_corr": 0.8733528981873762,
      "off_diagonal_mass": 0.008190159786265437
    },
    "calibration_drift": {
      "per_signal_ks": {
        "bm25": 0.025284231243796806,
        "dense_bge": 0.021338121753460837,
        "dense_e5": 0.013742677562746941,
        "cross_encoder": 0.025549368298369846,
        "ppr_graph": 0.018979175406240723,
        "minhash_lsh": 0.006301332200027154
      },
      "per_signal_p": {
        "bm25": 2.3472239205781768e-05,
        "dense_bge": 0.0006146623489351658,
        "dense_e5": 0.06962562530275174,
        "cross_encoder": 1.8478654275629136e-05,
        "ppr_graph": 0.003324734655934397,
        "minhash_lsh": 0.8707625615229102
      },
      "reject": true,
      "worst_signal": "cross_encoder"
    },
    "fusion_mismatch": {
      "chi2": 2184.3067150123898,
      "p_value": 0.0,
      "reject": true
    },
    "auto_switch_decision": "copula"
  },
  "scifact": {
    "signal_dependence": {
      "max_abs_z": 87.45788840517767,
      "min_p_value": 0.0,
      "reject": true,
      "max_pair_corr": 0.8107997190090437,
      "off_diagonal_mass": 8.860658769374794
    },
    "calibration_drift": {
      "per_signal_ks": {
        "bm25": 0.07076037175070621,
        "dense_bge": 0.03406116041271652,
        "dense_e5": 0.02202333227411459,
        "cross_encoder": 0.0365528672911147,
        "ppr_graph": 0.03562070218486664,
        "minhash_lsh": 0.01667340077259836
      },
      "per_signal_p": {
        "bm25": 1.6319596820298323e-10,
        "dense_bge": 0.009088507185980654,
        "dense_e5": 0.2081734283244603,
        "cross_encoder": 0.004019181393138316,
        "ppr_graph": 0.005490679244936048,
        "minhash_lsh": 0.5342651900008385
      },
      "reject": true,
      "worst_signal": "bm25"
    },
    "fusion_mismatch": {
      "chi2": 4.811282794761155,
      "p_value": 0.9999039868617362,
      "reject": false
    },
    "auto_switch_decision": "copula"
  },
  "arguana": {
    "signal_dependence": {
      "max_abs_z": 216.05009444655528,
      "min_p_value": 0.0,
      "reject": true,
      "max_pair_corr": 0.8587219197040404,
      "off_diagonal_mass": -0.5552590208041677
    },
    "calibration_drift": {
      "per_signal_ks": {
        "bm25": 0.027494847698832314,
        "dense_bge": 0.010845052482995388,
        "dense_e5": 0.008132956015171167,
        "cross_encoder": 0.015010811108882749,
        "ppr_graph": 0.008978314921189834,
        "minhash_lsh": 0.008826850329649805
      },
      "per_signal_p": {
        "bm25": 1.560469694388131e-07,
        "dense_bge": 0.15603925654275141,
        "dense_e5": 0.46953710008902805,
        "cross_encoder": 0.015161897829597638,
        "ppr_graph": 0.34608808933186785,
        "minhash_lsh": 0.3665346526472726
      },
      "reject": true,
      "worst_signal": "bm25"
    },
    "fusion_mismatch": {
      "chi2": 0.0,
      "p_value": 1.0,
      "reject": false
    },
    "auto_switch_decision": "copula"
  },
  "fiqa": {
    "signal_dependence": {
      "max_abs_z": 177.2692362939521,
      "min_p_value": 0.0,
      "reject": true,
      "max_pair_corr": 0.841342951864975,
      "off_diagonal_mass": -0.7468607370062867
    },
    "calibration_drift": {
      "per_signal_ks": {
        "bm25": 0.02598942683029093,
        "dense_bge": 0.028208209345071844,
        "dense_e5": 0.021259467271295462,
        "cross_encoder": 0.02895961978253625,
        "ppr_graph": 0.01426451670646356,
        "minhash_lsh": 0.006086520222483016
      },
      "per_signal_p": {
        "bm25": 8.395371068838698e-06,
        "dense_bge": 9.274352223787119e-07,
        "dense_e5": 0.0005037047702580241,
        "cross_encoder": 4.221940656362424e-07,
        "ppr_graph": 0.047811918288864885,
        "minhash_lsh": 0.8847672691283565
      },
      "reject": true,
      "worst_signal": "cross_encoder"
    },
    "fusion_mismatch": {
      "chi2": 1422.5025314855538,
      "p_value": 0.0,
      "reject": true
    },
    "auto_switch_decision": "copula"
  },
  "trec-covid": {
    "signal_dependence": {
      "max_abs_z": 174.5838442443859,
      "min_p_value": 0.0,
      "reject": true,
      "max_pair_corr": 0.8196013189696593,
      "off_diagonal_mass": -1.0132041425647975
    },
    "calibration_drift": {
      "per_signal_ks": {
        "bm25": 0.05512633214119367,
        "dense_bge": 0.11185089673387039,
        "dense_e5": 0.08456234476681601,
        "cross_encoder": 0.09686446696344175,
        "ppr_graph": 0.024576077736409407,
        "minhash_lsh": 0.03357983927745389
      },
      "per_signal_p": {
        "bm25": 6.190673930356365e-33,
        "dense_bge": 1.644435595851062e-134,
        "dense_e5": 5.585634034651965e-77,
        "cross_encoder": 6.406650541869498e-101,
        "ppr_graph": 6.908252244739049e-07,
        "minhash_lsh": 1.7362208403688434e-12
      },
      "reject": true,
      "worst_signal": "dense_bge"
    },
    "fusion_mismatch": {
      "chi2": 0.0,
      "p_value": 1.0,
      "reject": false
    },
    "auto_switch_decision": "copula"
  }
}