{
  "nfcorpus": {
    "bm25_platt": {
      "mean_rank": {
        "mean": 1.8039999999999998,
        "std": 0.12992305415129374,
        "n": 5
      },
      "mrr5": {
        "mean": 0.8016,
        "std": 0.03005679808481122,
        "n": 5
      },
      "p_at_1": {
        "mean": 0.744,
        "std": 0.03847076812334272,
        "n": 5
      },
      "p_at_3": {
        "mean": 0.8720000000000001,
        "std": 0.03033150177620623,
        "n": 5
      },
      "p_at_5": {
        "mean": 0.8880000000000001,
        "std": 0.02280350850198278,
        "n": 5
      },
      "any_pos_at_5": {
        "mean": 0.8880000000000001,
        "std": 0.02280350850198278,
        "n": 5
      }
    },
    "bge_platt": {
      "mean_rank": {
        "mean": 2.332,
        "std": 0.13754999091239514,
        "n": 5
      },
      "mrr5": {
        "mean": 0.6828666666666667,
        "std": 0.02825931508173699,
        "n": 5
      },
      "p_at_1": {
        "mean": 0.6,
        "std": 0.031622776601683784,
        "n": 5
      },
      "p_at_3": {
        "mean": 0.7559999999999999,
        "std": 0.016733200530681523,
        "n": 5
      },
      "p_at_5": {
        "mean": 0.808,
        "std": 0.041472882706655424,
        "n": 5
      },
      "any_pos_at_5": {
        "mean": 0.808,
        "std": 0.041472882706655424,
        "n": 5
      }
    },
    "linear_learned": {
      "mean_rank": {
        "mean": 1.6079999999999999,
        "std": 0.22297981971469977,
        "n": 5
      },
      "mrr5": {
        "mean": 0.8346666666666666,
        "std": 0.05087293539354257,
        "n": 5
      },
      "p_at_1": {
        "mean": 0.764,
        "std": 0.06228964600958973,
        "n": 5
      },
      "p_at_3": {
        "mean": 0.9039999999999999,
        "std": 0.04774934554525331,
        "n": 5
      },
      "p_at_5": {
        "mean": 0.9199999999999999,
        "std": 0.03464101615137753,
        "n": 5
      },
      "any_pos_at_5": {
        "mean": 0.9199999999999999,
        "std": 0.03464101615137753,
        "n": 5
      }
    },
    "calfuse_parametric": {
      "mean_rank": {
        "mean": 1.6159999999999997,
        "std": 0.21789905919943756,
        "n": 5
      },
      "mrr5": {
        "mean": 0.8333333333333333,
        "std": 0.0500971278839638,
        "n": 5
      },
      "p_at_1": {
        "mean": 0.764,
        "std": 0.06228964600958973,
        "n": 5
      },
      "p_at_3": {
        "mean": 0.9039999999999999,
        "std": 0.04774934554525331,
        "n": 5
      },
      "p_at_5": {
        "mean": 0.9199999999999999,
        "std": 0.03464101615137753,
        "n": 5
      },
      "any_pos_at_5": {
        "mean": 0.9199999999999999,
        "std": 0.03464101615137753,
        "n": 5
      }
    },
    "calfuse_conformal": {
      "mean_rank": {
        "mean": 1.56,
        "std": 0.21908902300206645,
        "n": 5
      },
      "mrr5": {
        "mean": 0.8485999999999999,
        "std": 0.04871196521960031,
        "n": 5
      },
      "p_at_1": {
        "mean": 0.784,
        "std": 0.06066300355241239,
        "n": 5
      },
      "p_at_3": {
        "mean": 0.908,
        "std": 0.03898717737923586,
        "n": 5
      },
      "p_at_5": {
        "mean": 0.9359999999999999,
        "std": 0.03286335345030995,
        "n": 5
      },
      "any_pos_at_5": {
        "mean": 0.9359999999999999,
        "std": 0.03286335345030995,
        "n": 5
      }
    }
  },
  "scifact": {
    "bm25_platt": {
      "mean_rank": {
        "mean": 2.56,
        "std": 0.18708286933869706,
        "n": 5
      },
      "mrr5": {
        "mean": 0.6463333333333333,
        "std": 0.04479273254545757,
        "n": 5
      },
      "p_at_1": {
        "mean": 0.576,
        "std": 0.05727128425310542,
        "n": 5
      },
      "p_at_3": {
        "mean": 0.7120000000000001,
        "std": 0.033466401061363005,
        "n": 5
      },
      "p_at_5": {
        "mean": 0.7440000000000001,
        "std": 0.032863353450309996,
        "n": 5
      },
      "any_pos_at_5": {
        "mean": 0.7440000000000001,
        "std": 0.032863353450309996,
        "n": 5
      }
    },
    "bge_platt": {
      "mean_rank": {
        "mean": 2.184,
        "std": 0.1840652058374966,
        "n": 5
      },
      "mrr5": {
        "mean": 0.718,
        "std": 0.034000816983648444,
        "n": 5
      },
      "p_at_1": {
        "mean": 0.644,
        "std": 0.029664793948382676,
        "n": 5
      },
      "p_at_3": {
        "mean": 0.796,
        "std": 0.03847076812334267,
        "n": 5
      },
      "p_at_5": {
        "mean": 0.8240000000000001,
        "std": 0.029664793948382635,
        "n": 5
      },
      "any_pos_at_5": {
        "mean": 0.8240000000000001,
        "std": 0.029664793948382635,
        "n": 5
      }
    },
    "linear_learned": {
      "mean_rank": {
        "mean": 2.252,
        "std": 0.19829271292712697,
        "n": 5
      },
      "mrr5": {
        "mean": 0.6990000000000001,
        "std": 0.04847622555897315,
        "n": 5
      },
      "p_at_1": {
        "mean": 0.612,
        "std": 0.06260990336999413,
        "n": 5
      },
      "p_at_3": {
        "mean": 0.772,
        "std": 0.03346640106136305,
        "n": 5
      },
      "p_at_5": {
        "mean": 0.8400000000000001,
        "std": 0.024494897427831758,
        "n": 5
      },
      "any_pos_at_5": {
        "mean": 0.8400000000000001,
        "std": 0.024494897427831758,
        "n": 5
      }
    },
    "calfuse_parametric": {
      "mean_rank": {
        "mean": 2.284,
        "std": 0.2109028212234251,
        "n": 5
      },
      "mrr5": {
        "mean": 0.6948,
        "std": 0.04921359342476203,
        "n": 5
      },
      "p_at_1": {
        "mean": 0.608,
        "std": 0.06260990336999413,
        "n": 5
      },
      "p_at_3": {
        "mean": 0.748,
        "std": 0.04147288270665543,
        "n": 5
      },
      "p_at_5": {
        "mean": 0.8400000000000001,
        "std": 0.024494897427831758,
        "n": 5
      },
      "any_pos_at_5": {
        "mean": 0.8400000000000001,
        "std": 0.024494897427831758,
        "n": 5
      }
    },
    "calfuse_conformal": {
      "mean_rank": {
        "mean": 2.396,
        "std": 0.15582040944625977,
        "n": 5
      },
      "mrr5": {
        "mean": 0.6737333333333333,
        "std": 0.04297699643090731,
        "n": 5
      },
      "p_at_1": {
        "mean": 0.592,
        "std": 0.06418722614352486,
        "n": 5
      },
      "p_at_3": {
        "mean": 0.7559999999999999,
        "std": 0.021908902300206663,
        "n": 5
      },
      "p_at_5": {
        "mean": 0.808,
        "std": 0.017888543819998277,
        "n": 5
      },
      "any_pos_at_5": {
        "mean": 0.808,
        "std": 0.017888543819998277,
        "n": 5
      }
    }
  },
  "fiqa": {
    "bm25_platt": {
      "mean_rank": {
        "mean": 2.724,
        "std": 0.1126055060820739,
        "n": 5
      },
      "mrr5": {
        "mean": 0.6418,
        "std": 0.02159166505853589,
        "n": 5
      },
      "p_at_1": {
        "mean": 0.62,
        "std": 0.024494897427831803,
        "n": 5
      },
      "p_at_3": {
        "mean": 0.664,
        "std": 0.02966479394838264,
        "n": 5
      },
      "p_at_5": {
        "mean": 0.672,
        "std": 0.022803508501982747,
        "n": 5
      },
      "any_pos_at_5": {
        "mean": 0.672,
        "std": 0.022803508501982747,
        "n": 5
      }
    },
    "bge_platt": {
      "mean_rank": {
        "mean": 2.7239999999999998,
        "std": 0.389204316522826,
        "n": 5
      },
      "mrr5": {
        "mean": 0.5918666666666667,
        "std": 0.08975293248072108,
        "n": 5
      },
      "p_at_1": {
        "mean": 0.488,
        "std": 0.10353743284435828,
        "n": 5
      },
      "p_at_3": {
        "mean": 0.6960000000000001,
        "std": 0.06387487769068526,