{
  "nfcorpus": {
    "bm25_platt": {
      "auc": 0.7560997240248428,
      "acc@cov0.50": 0.7009869298479594,
      "acc@cov0.70": 0.7009869298479594,
      "acc@cov0.80": 0.7009869298479594,
      "acc@cov0.90": 0.7143085403850763,
      "acc@cov1.00": 0.7085470702983888,
      "n_points": 100
    },
    "bge_platt": {
      "auc": 0.5967439052934255,
      "acc@cov0.50": 0.5547884187082406,
      "acc@cov0.70": 0.5482934553131598,
      "acc@cov0.80": 0.5482934553131598,
      "acc@cov0.90": 0.543313344411531,
      "acc@cov1.00": 0.543313344411531,
      "n_points": 61
    },
    "e5_platt": {
      "auc": 0.564546863187216,
      "acc@cov0.50": 0.5672593500919682,
      "acc@cov0.70": 0.5546418128654971,
      "acc@cov0.80": 0.543530091756376,
      "acc@cov0.90": 0.543530091756376,
      "acc@cov1.00": 0.543530091756376,
      "n_points": 60
    },
    "cross_encoder_platt": {
      "auc": 0.5564494268712771,
      "acc@cov0.50": 0.5744740928984894,
      "acc@cov0.70": 0.5739852988175136,
      "acc@cov0.80": 0.5739852988175136,
      "acc@cov0.90": 0.5739852988175136,
      "acc@cov1.00": 0.560653131999133,
      "n_points": 60
    },
    "rrf": {
      "auc": 0.8180856134506924,
      "acc@cov0.50": 0.8209556706966034,
      "acc@cov0.70": 0.8079531442663379,
      "acc@cov0.80": 0.7933664420007095,
      "acc@cov0.90": 0.77386300937968,
      "acc@cov1.00": 0.7555812441297594,
      "n_points": 98
    },
    "linear_learned": {
      "auc": 0.8391117707204852,
      "acc@cov0.50": 0.8557405036278276,
      "acc@cov0.70": 0.8009382011013665,
      "acc@cov0.80": 0.7742249778565102,
      "acc@cov0.90": 0.7477442134170262,
      "acc@cov1.00": 0.7316667870818583,
      "n_points": 100
    },
    "reranker_fusion": {
      "auc": 0.5564494268712771,
      "acc@cov0.50": 0.5744740928984894,
      "acc@cov0.70": 0.5739852988175136,
      "acc@cov0.80": 0.5739852988175136,
      "acc@cov0.90": 0.5739852988175136,
      "acc@cov1.00": 0.560653131999133,
      "n_points": 60
    },
    "calfuse_parametric": {
      "auc": 0.8357805459821837,
      "acc@cov0.50": 0.8546519937115907,
      "acc@cov0.70": 0.7999387567622742,
      "acc@cov0.80": 0.7738697930544454,
      "acc@cov0.90": 0.7471147051896051,
      "acc@cov1.00": 0.7296438118633046,
      "n_points": 100
    },
    "calfuse_multical": {
      "auc": 0.8300297083057071,
      "acc@cov0.50": 0.8635576090095293,
      "acc@cov0.70": 0.8055954088952654,
      "acc@cov0.80": 0.7751255174843653,
      "acc@cov0.90": 0.7486068597441331,
      "acc@cov1.00": 0.7313777906220649,
      "n_points": 100
    },
    "calfuse_conformal": {
      "auc": 0.8488520747882475,
      "acc@cov0.50": 0.8634146341463415,
      "acc@cov0.70": 0.7973792294152161,
      "acc@cov0.80": 0.7763623496107572,
      "acc@cov0.90": 0.7421165974465467,
      "acc@cov1.00": 0.7328227729210317,
      "n_points": 100
    }
  },
  "scifact": {
    "bm25_platt": {
      "auc": 0.804550613410016,
      "acc@cov0.50": 0.9891494574728736,
      "acc@cov0.70": 0.9891494574728736,
      "acc@cov0.80": 0.9885748647023451,
      "acc@cov0.90": 0.98760092272203,
      "acc@cov1.00": 0.9748512709572742,
      "n_points": 100
    },
    "bge_platt": {
      "auc": 0.3370132408191787,
      "acc@cov0.50": 0.995085995085995,
      "acc@cov0.70": 0.9938335046248715,
      "acc@cov0.80": 0.9926821508113267,
      "acc@cov0.90": 0.9918894562931811,
      "acc@cov1.00": 0.9789075175770687,
      "n_points": 100
    },
    "e5_platt": {
      "auc": 0.3729827808188138,
      "acc@cov0.50": 0.9956691208315288,
      "acc@cov0.70": 0.9950372208436724,
      "acc@cov0.80": 0.9938291653134135,
      "acc@cov0.90": 0.992268807612251,
      "acc@cov1.00": 0.9762033531638724,
      "n_points": 100
    },
    "cross_encoder_platt": {
      "auc": 0.36103801187443785,
      "acc@cov0.50": 0.9927690344534241,
      "acc@cov0.70": 0.9932862190812721,
      "acc@cov0.80": 0.9927774130006566,
      "acc@cov0.90": 0.9898749255509232,
      "acc@cov1.00": 0.9772850189291509,
      "n_points": 100
    },
    "rrf": {
      "auc": 0.3044988837976065,
      "acc@cov0.50": 0.994535519125683,
      "acc@cov0.70": 0.9935020519835841,
      "acc@cov0.80": 0.9925542246681774,
      "acc@cov0.90": 0.9908120924718435,
      "acc@cov1.00": 0.9762033531638724,
      "n_points": 100
    },
    "linear_learned": {
      "auc": 0.2885265920514711,
      "acc@cov0.50": 0.9950438429279451,
      "acc@cov0.70": 0.9950438429279451,
      "acc@cov0.80": 0.9940159574468085,
      "acc@cov0.90": 0.9928293994622049,
      "acc@cov1.00": 0.9797187669010275,
      "n_points": 100
    },
    "reranker_fusion": {
      "auc": 0.36103801187443785,
      "acc@cov0.50": 0.9927690344534241,
      "acc@cov0.70": 0.9932862190812721,
      "acc@cov0.80": 0.9927774130006566,
      "acc@cov0.90": 0.9898749255509232,
      "acc@cov1.00": 0.9772850189291509,
      "n_points": 100
    },
    "calfuse_parametric": {
      "auc": 0.307892949402251,
      "acc@cov0.50": 0.9949039592316739,
      "acc@cov0.70": 0.9940139674093781,
      "acc@cov0.80": 0.9940139674093781,
      "acc@cov0.90": 0.992831541218638,
      "acc@cov1.00": 0.9799891833423472,
      "n_points": 100
    },
    "calfuse_multical": {
      "auc": 0.3078784830924163,
      "acc@cov0.50": 0.9949039592316739,
      "acc@cov0.70": 0.9940139674093781,
      "acc@cov0.80": 0.9940139674093781,
      "acc@cov0.90": 0.9928358208955224,
      "acc@cov1.00": 0.9799891833423472,
      "n_points": 100
    },
    "calfuse_conformal": {
      "auc": 0.47834465294027323,
      "acc@cov0.50": 0.9947835159102765,
      "acc@cov0.70": 0.9948506694129763,
      "acc@cov0.80": 0.9932182490752158,
      "acc@cov0.90": 0.9914680788467196,
      "acc@cov1.00": 0.9751216873985938,
      "n_points": 100
    }
  },
  "arguana": {
    "bm25_platt": {
      "auc": 0.5184846147287216,
      "acc@cov0.50": 0.9773385060656444,
      "acc@cov0.70": 0.9773385060656444,
      "acc@cov0.80": 0.9773385060656444,
      "acc@cov0.90": 0.9773385060656444,
      "acc@cov1.00": 0.9757789467599283,
      "n_points": 99
    },
    "bge_platt": {
      "auc": 0.6741472244004022,
      "acc@cov0.50": 0.9981022953189951,
      "acc@cov0.70": 0.9949921304907712,
      "acc@cov0.80": 0.9949921304907712,
      "acc@cov0.90": 0.9862351190476191,
      "acc@cov1.00": 0.9757789467599283,
      "n_points": 100
    },
    "e5_platt": {
      "auc": 0.7859518611197264,
      "acc@cov0.50": 0.9967009897030891,
      "acc@cov0.70": 0.991761446485856,
      "acc@cov0.80": 0.9856129032258064,
      "acc@cov0.90": 0.9816779765576804,
      "acc@cov1.00": 0.9757789467599283,
      "n_points": 100
    },
    "cross_encoder_platt": {
      "auc": 0.9638033578962347,
      "acc@cov0.50": 0.980526832213752,
      "acc@cov0.70": 0.980526832213752,
      "acc@cov0.80": 0.9762744277774458,
      "acc@cov0.90": 0.9762744277774458,
      "acc@cov1.00": 0.9757789467599283,
      "n_points": 100
    },
    "rrf": {
      "auc": 0.47616103155669887,
      "acc@cov0.50": 0.9985563575791228,
      "acc@cov0.70": 0.9973992197659298,
      "acc@cov0.80": 0.9937167053681191,
      "acc@cov0.90": 0.9883572159672467,
      "acc@cov1.00": 0.9757789467599283,
      "n_points": 100
    },
    "linear_learned": {
      "auc": 0.3557028659420728,
      "acc@cov0.50": 0.9976580796252927,
      "acc@cov0.70": 0.9963364371851625,
      "acc@cov0.80": 0.9950379244346779,
      "acc@cov0.90": 0.9909852717115287,
      "acc@cov1.00": 0.9756055263310018,
      "n_points": 100
    },
    "reranker_fusion": {
      "auc": 0.9638033578962347,
      "acc@cov0.50": 0.980526832213752,
      "acc@cov0.70": 0.980526832213752,
      "acc@cov0.80": 0.9762744277774458,
      "acc@cov0.90": 0.9762744277774458,
      "acc@cov1.00": 0.9757789467599283,
      "n_points": 100
    },
    "calfuse_parametric": {
      "auc": 0.36994669261575397,
      "acc@cov0.50": 0.9977890373099954,
      "acc@cov0.70": 0.9963857274684712,