{
  "fiqa": {
    "bm25_platt": {
      "auc": 0.9372237572694314,
      "acc@cov0.50": 0.9560409556313993,
      "acc@cov0.70": 0.9620836891545688,
      "acc@cov0.80": 0.9620836891545688,
      "acc@cov0.90": 0.9601001289539558,
      "acc@cov1.00": 0.9404045926735921,
      "n_points": 100
    },
    "bge_platt": {
      "auc": 0.8171474823961511,
      "acc@cov0.50": 0.9777045857613377,
      "acc@cov0.70": 0.9683637705220439,
      "acc@cov0.80": 0.9648022740573531,
      "acc@cov0.90": 0.9574500302846759,
      "acc@cov1.00": 0.940882996172772,
      "n_points": 100
    },
    "e5_platt": {
      "auc": 0.7618578176095643,
      "acc@cov0.50": 0.9814404108789542,
      "acc@cov0.70": 0.9761444852231022,
      "acc@cov0.80": 0.9712842105263157,
      "acc@cov0.90": 0.9614776916710556,
      "acc@cov1.00": 0.942249863313286,
      "n_points": 100
    },
    "cross_encoder_platt": {
      "auc": 0.7510452674949814,
      "acc@cov0.50": 0.9587237840249888,
      "acc@cov0.70": 0.9588974854932302,
      "acc@cov0.80": 0.9563651248465002,
      "acc@cov0.90": 0.9527996993611424,
      "acc@cov1.00": 0.9404045926735921,
      "n_points": 98
    },
    "rrf": {
      "auc": 0.9393742236640041,
      "acc@cov0.50": 0.9566622103386809,
      "acc@cov0.70": 0.9565549508259333,
      "acc@cov0.80": 0.9548841730115017,
      "acc@cov0.90": 0.9524201391486496,
      "acc@cov1.00": 0.9404045926735921,
      "n_points": 100
    },
    "linear_learned": {
      "auc": 0.592311273683013,
      "acc@cov0.50": 0.992373204525232,
      "acc@cov0.70": 0.987974623615188,
      "acc@cov0.80": 0.9830954808019028,
      "acc@cov0.90": 0.9729545454545454,
      "acc@cov1.00": 0.9493575724439585,
      "n_points": 100
    },
    "reranker_fusion": {
      "auc": 0.7510452674949814,
      "acc@cov0.50": 0.9587237840249888,
      "acc@cov0.70": 0.9588974854932302,
      "acc@cov0.80": 0.9563651248465002,
      "acc@cov0.90": 0.9527996993611424,
      "acc@cov1.00": 0.9404045926735921,
      "n_points": 98
    },
    "calfuse_parametric": {
      "auc": 0.6024031137343148,
      "acc@cov0.50": 0.9930385458295733,
      "acc@cov0.70": 0.9873393622084722,
      "acc@cov0.80": 0.9833191489361702,
      "acc@cov0.90": 0.9719703838017528,
      "acc@cov1.00": 0.9480590486604702,
      "n_points": 100
    },
    "calfuse_multical": {
      "auc": 0.5953762198984496,
      "acc@cov0.50": 0.993142144638404,
      "acc@cov0.70": 0.9867998899990833,
      "acc@cov0.80": 0.9828265058222334,
      "acc@cov0.90": 0.9717851739788199,
      "acc@cov1.00": 0.948332422088573,
      "n_points": 100
    },
    "calfuse_conformal": {
      "auc": 0.7546506648156209,
      "acc@cov0.50": 0.9944579616112463,
      "acc@cov0.70": 0.9879203710862002,
      "acc@cov0.80": 0.9824954371992699,
      "acc@cov0.90": 0.972732079462195,
      "acc@cov1.00": 0.9480590486604702,
      "n_points": 100
    }
  }
}