{
  "scidocs": {
    "methods": {
      "bm25_platt": {
        "n_queries_with_positive": 300,
        "recall_at_k": {
          "0.1": 0.17333333333333337,
          "0.25": 0.17177777777777778,
          "0.5": 0.15966666666666665,
          "0.75": 0.1571111111111111,
          "0.9": 0.14574074074074073,
          "1.0": 0.14116666666666666
        },
        "hit_at_k": {
          "0.1": 0.5666666666666667,
          "0.25": 0.5733333333333334,
          "0.5": 0.56,
          "0.75": 0.5688888888888889,
          "0.9": 0.5370370370370371,
          "1.0": 0.5233333333333333
        },
        "hallucination_proxy_at_coverage": {
          "0.1": 0.43333333333333335,
          "0.25": 0.42666666666666664,
          "0.5": 0.43999999999999995,
          "0.75": 0.4311111111111111,
          "0.9": 0.4629629629629629,
          "1.0": 0.4766666666666667
        }
      },
      "bge_platt": {
        "n_queries_with_positive": 300,
        "recall_at_k": {
          "0.1": 0.4733333333333334,
          "0.25": 0.398,
          "0.5": 0.37366666666666665,
          "0.75": 0.3542222222222222,
          "0.9": 0.3375925925925926,
          "1.0": 0.335
        },
        "hit_at_k": {
          "0.1": 0.9333333333333333,
          "0.25": 0.8266666666666667,
          "0.5": 0.8333333333333334,
          "0.75": 0.8222222222222222,
          "0.9": 0.8,
          "1.0": 0.8
        },
        "hallucination_proxy_at_coverage": {
          "0.1": 0.06666666666666665,
          "0.25": 0.17333333333333334,
          "0.5": 0.16666666666666663,
          "0.75": 0.1777777777777778,
          "0.9": 0.19999999999999996,
          "1.0": 0.19999999999999996
        }
      },
      "e5_platt": {
        "n_queries_with_positive": 300,
        "recall_at_k": {
          "0.1": 0.39944444444444444,
          "0.25": 0.33844444444444444,
          "0.5": 0.3045555555555555,
          "0.75": 0.2799259259259259,
          "0.9": 0.2727160493827161,
          "1.0": 0.2654444444444444
        },
        "hit_at_k": {
          "0.1": 0.8666666666666667,
          "0.25": 0.8133333333333334,
          "0.5": 0.78,
          "0.75": 0.7333333333333333,
          "0.9": 0.7185185185185186,
          "1.0": 0.7066666666666667
        },
        "hallucination_proxy_at_coverage": {
          "0.1": 0.1333333333333333,
          "0.25": 0.18666666666666665,
          "0.5": 0.21999999999999997,
          "0.75": 0.2666666666666667,
          "0.9": 0.28148148148148144,
          "1.0": 0.29333333333333333
        }
      },
      "cross_encoder_platt": {
        "n_queries_with_positive": 300,
        "recall_at_k": {
          "0.1": 0.3333333333333333,
          "0.25": 0.2913333333333333,
          "0.5": 0.21966666666666665,
          "0.75": 0.21925925925925924,
          "0.9": 0.20882716049382716,
          "1.0": 0.2006111111111111
        },
        "hit_at_k": {
          "0.1": 0.8,
          "0.25": 0.7333333333333333,
          "0.5": 0.6,
          "0.75": 0.6088888888888889,
          "0.9": 0.5925925925925926,
          "1.0": 0.5733333333333334
        },
        "hallucination_proxy_at_coverage": {
          "0.1": 0.19999999999999996,
          "0.25": 0.2666666666666667,
          "0.5": 0.4,
          "0.75": 0.3911111111111111,
          "0.9": 0.40740740740740744,
          "1.0": 0.42666666666666664
        }
      },
      "rrf": {
        "n_queries_with_positive": 300,
        "recall_at_k": {
          "0.1": 0.3149999999999999,
          "0.25": 0.30466666666666664,
          "0.5": 0.2693333333333333,
          "0.75": 0.22807407407407412,
          "0.9": 0.20487654320987655,
          "1.0": 0.19905555555555557
        },
        "hit_at_k": {
          "0.1": 0.8333333333333334,
          "0.25": 0.76,
          "0.5": 0.6933333333333334,
          "0.75": 0.6311111111111111,
          "0.9": 0.5851851851851851,
          "1.0": 0.5766666666666667
        },
        "hallucination_proxy_at_coverage": {
          "0.1": 0.16666666666666663,
          "0.25": 0.24,
          "0.5": 0.30666666666666664,
          "0.75": 0.36888888888888893,
          "0.9": 0.41481481481481486,
          "1.0": 0.42333333333333334
        }
      },
      "linear_learned": {
        "n_queries_with_positive": 300,
        "recall_at_k": {
          "0.1": 0.7200000000000002,
          "0.25": 0.7066666666666666,
          "0.5": 0.7023333333333333,
          "0.75": 0.6621481481481483,
          "0.9": 0.6456172839506172,
          "1.0": 0.6265555555555554
        },
        "hit_at_k": {
          "0.1": 1.0,
          "0.25": 1.0,
          "0.5": 0.9933333333333333,
          "0.75": 0.9777777777777777,
          "0.9": 0.9703703703703703,
          "1.0": 0.9666666666666667
        },
        "hallucination_proxy_at_coverage": {
          "0.1": 0.0,
          "0.25": 0.0,
          "0.5": 0.00666666666666671,
          "0.75": 0.022222222222222254,
          "0.9": 0.029629629629629672,
          "1.0": 0.033333333333333326
        }
      },
      "reranker_fusion": {
        "n_queries_with_positive": 300,
        "recall_at_k": {
          "0.1": 0.3333333333333333,
          "0.25": 0.2913333333333333,
          "0.5": 0.21966666666666665,
          "0.75": 0.21925925925925924,
          "0.9": 0.20882716049382716,
          "1.0": 0.2006111111111111
        },
        "hit_at_k": {
          "0.1": 0.8,
          "0.25": 0.7333333333333333,
          "0.5": 0.6,
          "0.75": 0.6088888888888889,
          "0.9": 0.5925925925925926,
          "1.0": 0.5733333333333334
        },
        "hallucination_proxy_at_coverage": {
          "0.1": 0.19999999999999996,
          "0.25": 0.2666666666666667,
          "0.5": 0.4,
          "0.75": 0.3911111111111111,
          "0.9": 0.40740740740740744,
          "1.0": 0.42666666666666664
        }
      },
      "calfuse_parametric": {
        "n_queries_with_positive": 300,
        "recall_at_k": {
          "0.1": 0.7200000000000002,
          "0.25": 0.704,
          "0.5": 0.6953333333333334,
          "0.75": 0.6606666666666665,
          "0.9": 0.6421604938271605,
          "1.0": 0.6212777777777777
        },
        "hit_at_k": {
          "0.1": 1.0,
          "0.25": 1.0,
          "0.5": 0.9933333333333333,
          "0.75": 0.9822222222222222,
          "0.9": 0.9740740740740741,
          "1.0": 0.9666666666666667
        },
        "hallucination_proxy_at_coverage": {
          "0.1": 0.0,
          "0.25": 0.0,
          "0.5": 0.00666666666666671,
          "0.75": 0.01777777777777778,
          "0.9": 0.025925925925925908,
          "1.0": 0.033333333333333326
        }
      },
      "calfuse_multical": {
        "n_queries_with_positive": 300,
        "recall_at_k": {
          "0.1": 0.7266666666666668,
          "0.25": 0.7173333333333332,
          "0.5": 0.6966666666666667,
          "0.75": 0.6615555555555556,
          "0.9": 0.6421604938271605,
          "1.0": 0.6212777777777777
        },
        "hit_at_k": {
          "0.1": 1.0,
          "0.25": 1.0,
          "0.5": 0.9933333333333333,
          "0.75": 0.9822222222222222,
          "0.9": 0.9740740740740741,
          "1.0": 0.9666666666666667
        },
        "hallucination_proxy_at_coverage": {
          "0.1": 0.0,
          "0.25": 0.0,
          "0.5": 0.00666666666666671,
          "0.75": 0.01777777777777778,
          "0.9": 0.025925925925925908,
          "1.0": 0.033333333333333326
        }
      },
      "calfuse_conformal": {
        "n_queries_with_positive": 300,
        "recall_at_k": {
          "0.1": 0.7000000000000001,
          "0.25": 0.7093333333333333,
          "0.5": 0.6833333333333333,
          "0.75": 0.6466666666666666,
          "0.9": 0.6253086419753087,
          "1.0": 0.6054444444444445
        },
        "hit_at_k": {
          "0.1": 1.0,
          "0.25": 1.0,
          "0.5": 0.9866666666666667,
          "0.75": 0.9777777777777777,