{
  "nfcorpus": {
    "bm25_platt": {
      "0.1": {
        "mean": 47.00000000000001,
        "std": 17.575235101952092,
        "n": 5
      },
      "0.25": {
        "mean": 45.63131313131313,
        "std": 12.921917285449823,
        "n": 5
      },
      "0.5": {
        "mean": 50.239980607627665,
        "std": 13.169302479539834,
        "n": 5
      },
      "0.75": {
        "mean": 49.251650866296174,
        "std": 10.326160057324001,
        "n": 5
      },
      "1.0": {
        "mean": 52.383850091760834,
        "std": 9.177294926153904,
        "n": 5
      }
    },
    "bge_platt": {
      "0.1": {
        "mean": 68.0,
        "std": 17.88854381999832,
        "n": 5
      },
      "0.25": {
        "mean": 66.66666666666667,
        "std": 11.78511301977579,
        "n": 5
      },
      "0.5": {
        "mean": 72.36666666666667,
        "std": 7.196063738832039,
        "n": 5
      },
      "0.75": {
        "mean": 74.06037616563933,
        "std": 5.53437759663624,
        "n": 5
      },
      "1.0": {
        "mean": 75.70064754856614,
        "std": 4.4044056865029475,
        "n": 5
      }
    },
    "linear_learned": {
      "0.1": {
        "mean": 88.0,
        "std": 10.954451150103322,
        "n": 5
      },
      "0.25": {
        "mean": 72.42424242424244,
        "std": 6.809759107346733,
        "n": 5
      },
      "0.5": {
        "mean": 74.97619047619048,
        "std": 9.449261809942321,
        "n": 5
      },
      "0.75": {
        "mean": 70.8697574826607,
        "std": 9.08694787202073,
        "n": 5
      },
      "1.0": {
        "mean": 70.06677546579627,
        "std": 7.1907264206356425,
        "n": 5
      }
    },
    "calfuse_parametric": {
      "0.1": {
        "mean": 88.0,
        "std": 10.954451150103322,
        "n": 5
      },
      "0.25": {
        "mean": 77.87878787878788,
        "std": 5.065004439529323,
        "n": 5
      },
      "0.5": {
        "mean": 77.44285714285715,
        "std": 8.031835042483122,
        "n": 5
      },
      "0.75": {
        "mean": 73.50487800203169,
        "std": 5.822372579033772,
        "n": 5
      },
      "1.0": {
        "mean": 72.30138853394666,
        "std": 5.587587527817776,
        "n": 5
      }
    },
    "calfuse_conformal": {
      "0.1": {
        "mean": 80.0,
        "std": 24.49489742783178,
        "n": 5
      },
      "0.25": {
        "mean": 75.75757575757575,
        "std": 7.781302494005354,
        "n": 5
      },
      "0.5": {
        "mean": 73.07142857142858,
        "std": 7.503022822431165,
        "n": 5
      },
      "0.75": {
        "mean": 69.70549938291875,
        "std": 7.2033885789854954,
        "n": 5
      },
      "1.0": {
        "mean": 67.21918432444748,
        "std": 6.128127587861054,
        "n": 5
      }
    }
  },
  "scifact": {
    "bm25_platt": {
      "0.1": {
        "mean": 12.0,
        "std": 17.88854381999832,
        "n": 5
      },
      "0.25": {
        "mean": 21.666666666666668,
        "std": 7.4535599249993,
        "n": 5
      },
      "0.5": {
        "mean": 24.0901185770751,
        "std": 10.187912996121812,
        "n": 5
      },
      "0.75": {
        "mean": 27.171605484298983,
        "std": 6.471259332707827,
        "n": 5
      },
      "1.0": {
        "mean": 36.86092471734535,
        "std": 4.374724283405121,
        "n": 5
      }
    },
    "bge_platt": {
      "0.1": {
        "mean": 8.0,
        "std": 17.88854381999832,
        "n": 5
      },
      "0.25": {
        "mean": 17.12121212121212,
        "std": 8.941319772012468,
        "n": 5
      },
      "0.5": {
        "mean": 27.4,
        "std": 8.1117199162693,
        "n": 5
      },
      "0.75": {
        "mean": 35.80369843527738,
        "std": 5.313758528192485,
        "n": 5
      },
      "1.0": {
        "mean": 41.93146777674992,
        "std": 4.293751168010012,
        "n": 5
      }
    },
    "linear_learned": {
      "0.1": {
        "mean": 4.0,
        "std": 8.94427190999916,
        "n": 5
      },
      "0.25": {
        "mean": 21.060606060606062,
        "std": 10.878534647175089,
        "n": 5
      },
      "0.5": {
        "mean": 14.733333333333334,
        "std": 7.096164848392092,
        "n": 5
      },
      "0.75": {
        "mean": 22.503556187766712,
        "std": 6.600460769216236,
        "n": 5
      },
      "1.0": {
        "mean": 34.06645081714462,
        "std": 4.434025238074825,
        "n": 5
      }
    },
    "calfuse_parametric": {
      "0.1": {
        "mean": 4.0,
        "std": 8.94427190999916,
        "n": 5
      },
      "0.25": {
        "mean": 13.333333333333334,
        "std": 9.50146187582615,
        "n": 5
      },
      "0.5": {
        "mean": 15.2,
        "std": 7.155417527999327,
        "n": 5
      },
      "0.75": {
        "mean": 21.13798008534851,
        "std": 4.811615354677269,
        "n": 5
      },
      "1.0": {
        "mean": 30.755473327166204,
        "std": 3.727837033865915,
        "n": 5
      }
    },
    "calfuse_conformal": {
      "0.1": {
        "mean": 12.0,
        "std": 10.954451150103322,
        "n": 5
      },
      "0.25": {
        "mean": 21.060606060606062,
        "std": 9.58864686805863,
        "n": 5
      },
      "0.5": {
        "mean": 22.133333333333333,
        "std": 8.382687185171855,
        "n": 5
      },
      "0.75": {
        "mean": 23.625482625482626,
        "std": 5.893952336099992,
        "n": 5
      },
      "1.0": {
        "mean": 32.433883833277164,
        "std": 3.933174114748373,
        "n": 5
      }
    }
  },
  "fiqa": {
    "bm25_platt": {
      "0.1": {
        "mean": 64.0,
        "std": 21.908902300206645,
        "n": 5
      },
      "0.25": {
        "mean": 63.333333333333336,
        "std": 13.944333775567925,
        "n": 5
      },
      "0.5": {
        "mean": 60.5,
        "std": 3.0413812651491097,
        "n": 5
      },
      "0.75": {
        "mean": 64.55192034139402,
        "std": 2.9473910762158115,
        "n": 5
      },
      "1.0": {
        "mean": 66.13367346938774,
        "std": 2.0765005262825773,
        "n": 5
      }
    },
    "bge_platt": {
      "0.1": {
        "mean": 56.0,
        "std": 16.73320053068151,
        "n": 5
      },
      "0.25": {
        "mean": 50.00000000000001,
        "std": 10.206207261596575,
        "n": 5
      },
      "0.5": {
        "mean": 48.8,
        "std": 9.121403400793104,
        "n": 5
      },
      "0.75": {
        "mean": 55.26315789473684,
        "std": 5.582421956735901,
        "n": 5
      },
      "1.0": {
        "mean": 60.8,
        "std": 4.147288270665545,
        "n": 5
      }
    },
    "linear_learned": {
      "0.1": {
        "mean": 56.0,
        "std": 8.94427190999916,
        "n": 5
      },
      "0.25": {
        "mean": 55.0,
        "std": 7.453559924999301,
        "n": 5
      },
      "0.5": {
        "mean": 61.6,
        "std": 5.366563145999495,
        "n": 5
      },
      "0.75": {
        "mean": 64.21052631578948,
        "std": 7.110134782161209,
        "n": 5
      },
      "1.0": {
        "mean": 62.4,
        "std": 8.648699324175862,
        "n": 5
      }
    },
    "calfuse_parametric": {
      "0.1": {
        "mean": 52.0,
        "std": 22.80350850198276,
        "n": 5
      },
      "0.25": {
        "mean": 61.66666666666667,
        "std": 17.280367794439766,
        "n": 5
      },
      "0.5": {
        "mean": 61.6,
        "std": 9.20869154657707,
        "n": 5
      },
      "0.75": {
        "mean": 62.63157894736842,
        "std": 5.705127207547053,
        "n": 5
      },
      "1.0": {
        "mean": 61.2,
        "std": 3.0331501776206204,
        "n": 5
      }
    },
    "calfuse_conformal": {
      "0.1": {
        "mean": 80.0,
        "std": 20.0,
        "n": 5
      },
      "0.25": {
        "mean": 60.0,
        "std": 10.865337342004414,
        "n": 5
      },