{
  "scidocs": {
    "n_queries": 300,
    "methods": {
      "bm25_platt": {
        "selective_ndcg_at_coverage": {
          "0.1": 0.14809975260363303,
          "0.25": 0.15174159609361085,
          "0.5": 0.13427007988086598,
          "0.75": 0.13213713756643009,
          "0.9": 0.12057566826179501,
          "1.0": 0.11601085745605834
        },
        "auc_selective_ndcg": 0.12232324955302445,
        "ndcg_at_full_coverage": 0.11601085745605834,
        "ndcg_at_coverage_0.50": 0.13427007988086598,
        "ndcg_at_coverage_0.25": 0.15174159609361085,
        "n_queries_with_label": 300
      },
      "bge_platt": {
        "selective_ndcg_at_coverage": {
          "0.1": 0.45066891280475563,
          "0.25": 0.3540189547773807,
          "0.5": 0.3376042777970802,
          "0.75": 0.3177652687779951,
          "0.9": 0.2999944321776115,
          "1.0": 0.2970298962758765
        },
        "auc_selective_ndcg": 0.30490888145669715,
        "ndcg_at_full_coverage": 0.2970298962758765,
        "ndcg_at_coverage_0.50": 0.3376042777970802,
        "ndcg_at_coverage_0.25": 0.3540189547773807,
        "n_queries_with_label": 300
      },
      "e5_platt": {
        "selective_ndcg_at_coverage": {
          "0.1": 0.39158153862023515,
          "0.25": 0.313770997893582,
          "0.5": 0.2821474239610195,
          "0.75": 0.25481686057147396,
          "0.9": 0.24661125320349214,
          "1.0": 0.23748845072176664
        },
        "auc_selective_ndcg": 0.25632387226630854,
        "ndcg_at_full_coverage": 0.23748845072176664,
        "ndcg_at_coverage_0.50": 0.2821474239610195,
        "ndcg_at_coverage_0.25": 0.313770997893582,
        "n_queries_with_label": 300
      },
      "cross_encoder_platt": {
        "selective_ndcg_at_coverage": {
          "0.1": 0.31992193530603646,
          "0.25": 0.28435557506500875,
          "0.5": 0.2129609412883189,
          "0.75": 0.20656660727965623,
          "0.9": 0.19499661295360343,
          "1.0": 0.18803895406799706
        },
        "auc_selective_ndcg": 0.20919534126156575,
        "ndcg_at_full_coverage": 0.18803895406799706,
        "ndcg_at_coverage_0.50": 0.2129609412883189,
        "ndcg_at_coverage_0.25": 0.28435557506500875,
        "n_queries_with_label": 300
      },
      "rrf": {
        "selective_ndcg_at_coverage": {
          "0.1": 0.29854401135536446,
          "0.25": 0.28561830166707525,
          "0.5": 0.2554318691530373,
          "0.75": 0.2157127762335485,
          "0.9": 0.19280332220905197,
          "1.0": 0.1855249224196027
        },
        "auc_selective_ndcg": 0.21989164511714804,
        "ndcg_at_full_coverage": 0.1855249224196027,
        "ndcg_at_coverage_0.50": 0.2554318691530373,
        "ndcg_at_coverage_0.25": 0.28561830166707525,
        "n_queries_with_label": 300
      },
      "linear_learned": {
        "selective_ndcg_at_coverage": {
          "0.1": 0.7216962238774294,
          "0.25": 0.6963986831743032,
          "0.5": 0.6898959505708698,
          "0.75": 0.6445948663149865,
          "0.9": 0.625494346005168,
          "1.0": 0.6055130813629663
        },
        "auc_selective_ndcg": 0.6032623616501769,
        "ndcg_at_full_coverage": 0.6055130813629663,
        "ndcg_at_coverage_0.50": 0.6898959505708698,
        "ndcg_at_coverage_0.25": 0.6963986831743032,
        "n_queries_with_label": 300
      },
      "reranker_fusion": {
        "selective_ndcg_at_coverage": {
          "0.1": 0.31992193530603646,
          "0.25": 0.28435557506500875,
          "0.5": 0.2129609412883189,
          "0.75": 0.20656660727965623,
          "0.9": 0.19499661295360343,
          "1.0": 0.18803895406799706
        },
        "auc_selective_ndcg": 0.20919534126156575,
        "ndcg_at_full_coverage": 0.18803895406799706,
        "ndcg_at_coverage_0.50": 0.2129609412883189,
        "ndcg_at_coverage_0.25": 0.28435557506500875,
        "n_queries_with_label": 300
      },
      "calfuse_parametric": {
        "selective_ndcg_at_coverage": {
          "0.1": 0.7244611832265061,
          "0.25": 0.6991803723476205,
          "0.5": 0.687474044869348,
          "0.75": 0.6444704343210497,
          "0.9": 0.6228526584732079,
          "1.0": 0.6013895607266413
        },
        "auc_selective_ndcg": 0.6028593216385421,
        "ndcg_at_full_coverage": 0.6013895607266413,
        "ndcg_at_coverage_0.50": 0.687474044869348,
        "ndcg_at_coverage_0.25": 0.6991803723476205,
        "n_queries_with_label": 300
      },
      "calfuse_multical": {
        "selective_ndcg_at_coverage": {
          "0.1": 0.7432663357293682,
          "0.25": 0.710315278557453,
          "0.5": 0.6875420365920752,
          "0.75": 0.6448839331376406,
          "0.9": 0.622054380770337,
          "1.0": 0.6006711107940576
        },
        "auc_selective_ndcg": 0.6064606798027351,
        "ndcg_at_full_coverage": 0.6006711107940576,
        "ndcg_at_coverage_0.50": 0.6875420365920752,
        "ndcg_at_coverage_0.25": 0.710315278557453,
        "n_queries_with_label": 300
      },
      "calfuse_conformal": {
        "selective_ndcg_at_coverage": {
          "0.1": 0.7021341552845093,
          "0.25": 0.7104493082088925,
          "0.5": 0.6767506379901963,
          "0.75": 0.6330553022895256,
          "0.9": 0.608748189826142,
          "1.0": 0.5863257477794539
        },
        "auc_selective_ndcg": 0.5959584543608113,
        "ndcg_at_full_coverage": 0.5863257477794539,
        "ndcg_at_coverage_0.50": 0.6767506379901963,
        "ndcg_at_coverage_0.25": 0.7104493082088925,
        "n_queries_with_label": 300
      }
    }
  },
  "touche-2020": {
    "n_queries": 15,
    "methods": {
      "bm25_platt": {
        "selective_ndcg_at_coverage": {
          "0.1": 0.21924252788084808,
          "0.25": 0.2438368106068714,
          "0.5": 0.33075237253502954,
          "0.75": 0.39921571002117345,
          "0.9": 0.4316627116238411,
          "1.0": 0.43033568158410523
        },
        "auc_selective_ndcg": 0.30321640988261533,
        "ndcg_at_full_coverage": 0.43033568158410523,
        "ndcg_at_coverage_0.50": 0.33075237253502954,
        "ndcg_at_coverage_0.25": 0.2438368106068714,
        "n_queries_with_label": 15
      },
      "bge_platt": {
        "selective_ndcg_at_coverage": {
          "0.1": 0.3518570423282795,
          "0.25": 0.3241882737045845,
          "0.5": 0.3319080520664416,
          "0.75": 0.3096373861483979,
          "0.9": 0.2954842946468803,
          "1.0": 0.30671295858558906
        },
        "auc_selective_ndcg": 0.2884026079219673,
        "ndcg_at_full_coverage": 0.30671295858558906,
        "ndcg_at_coverage_0.50": 0.3319080520664416,
        "ndcg_at_coverage_0.25": 0.3241882737045845,
        "n_queries_with_label": 15
      },
      "e5_platt": {
        "selective_ndcg_at_coverage": {
          "0.1": 0.1793651937054787,
          "0.25": 0.1992543203715969,
          "0.5": 0.36233055902515576,
          "0.75": 0.3211024557235577,
          "0.9": 0.32851333224932683,
          "1.0": 0.3118389946979501
        },
        "auc_selective_ndcg": 0.26476250076929414,
        "ndcg_at_full_coverage": 0.3118389946979501,
        "ndcg_at_coverage_0.50": 0.36233055902515576,
        "ndcg_at_coverage_0.25": 0.1992543203715969,
        "n_queries_with_label": 15
      },
      "cross_encoder_platt": {
        "selective_ndcg_at_coverage": {
          "0.1": 0.19248873890524998,
          "0.25": 0.21319523949453545,
          "0.5": 0.32736659597274437,
          "0.75": 0.3118738269915878,
          "0.9": 0.32397311665551365,
          "1.0": 0.3203236188525456
        },
        "auc_selective_ndcg": 0.257804938232871,
        "ndcg_at_full_coverage": 0.3203236188525456,
        "ndcg_at_coverage_0.50": 0.32736659597274437,
        "ndcg_at_coverage_0.25": 0.21319523949453545,
        "n_queries_with_label": 15
      },
      "rrf": {
        "selective_ndcg_at_coverage": {
          "0.1": 0.0,