{
  "trec-covid": {
    "all": {
      "rrf": {
        "ece_15": 0.0331001987083176,
        "ece_10": 0.023560756496552693,
        "mce_15": 0.07702373809782892,
        "brier": 0.20798810984275465,
        "nll": 0.6044411927518236,
        "ndcg_10": 0.8244506857946835
      },
      "linear_learned": {
        "ece_15": 0.049916510278857,
        "ece_10": 0.049916510278857004,
        "mce_15": 0.08379381276658726,
        "brier": 0.14566145415767867,
        "nll": 0.4507473913279029,
        "ndcg_10": 0.8602938661439742
      },
      "calfuse_parametric": {
        "ece_15": 0.052170844621284636,
        "ece_10": 0.05217084462128464,
        "mce_15": 0.08410182684253237,
        "brier": 0.14578331381076143,
        "nll": 0.45141949297902645,
        "ndcg_10": 0.8922748501516496
      },
      "calfuse_multical": {
        "ece_15": 0.04644771236216867,
        "ece_10": 0.045569779152540534,
        "mce_15": 0.07704104391851924,
        "brier": 0.1464202640786165,
        "nll": 0.4522053854529125,
        "ndcg_10": 0.8961384936546481
      }
    },
    "leave_out": {
      "bm25": {
        "rrf": {
          "ece_15": 0.039021384553741136,
          "ece_10": 0.026799653104918553,
          "mce_15": 0.07989759599483104,
          "brier": 0.20406015936929578,
          "nll": 0.5962050539574696,
          "ndcg_10": 0.8308042018391826
        },
        "linear_learned": {
          "ece_15": 0.049085691483964466,
          "ece_10": 0.04877940162203973,
          "mce_15": 0.07966486838732648,
          "brier": 0.14605349555240282,
          "nll": 0.4520920194937703,
          "ndcg_10": 0.8569656117726492
        },
        "calfuse_parametric": {
          "ece_15": 0.05105436221786215,
          "ece_10": 0.051054362217862144,
          "mce_15": 0.08729541979681249,
          "brier": 0.14612975089297825,
          "nll": 0.4526477415664732,
          "ndcg_10": 0.8801437802319777
        },
        "calfuse_multical": {
          "ece_15": 0.04836250052553276,
          "ece_10": 0.048362500525532766,
          "mce_15": 0.07911854682422267,
          "brier": 0.14687049498318816,
          "nll": 0.4539965172801992,
          "ndcg_10": 0.8749412909066165
        }
      },
      "dense_bge": {
        "rrf": {
          "ece_15": 0.037637928845182765,
          "ece_10": 0.024151670938429737,
          "mce_15": 0.1993901360967784,
          "brier": 0.2141949374600222,
          "nll": 0.6179826693973778,
          "ndcg_10": 0.7547232109539781
        },
        "linear_learned": {
          "ece_15": 0.05098854415903184,
          "ece_10": 0.05067460164721889,
          "mce_15": 0.09025797814851055,
          "brier": 0.14847198852431634,
          "nll": 0.45867889492555064,
          "ndcg_10": 0.8520878235621882
        },
        "calfuse_parametric": {
          "ece_15": 0.053476201863458854,
          "ece_10": 0.051643751063470134,
          "mce_15": 0.08833305495765831,
          "brier": 0.14849384672913366,
          "nll": 0.45906501777844866,
          "ndcg_10": 0.8580666225852797
        },
        "calfuse_multical": {
          "ece_15": 0.05680792542558271,
          "ece_10": 0.0557401774826981,
          "mce_15": 0.12122551172688456,
          "brier": 0.1494131917627817,
          "nll": 0.46169048218487707,
          "ndcg_10": 0.8483115438535547
        }
      },
      "dense_e5": {
        "rrf": {
          "ece_15": 0.036530825395860424,
          "ece_10": 0.023168694467706235,
          "mce_15": 0.19935196654085766,
          "brier": 0.21511432678012593,
          "nll": 0.6197203754045718,
          "ndcg_10": 0.7942531850833251
        },
        "linear_learned": {
          "ece_15": 0.04058232316035614,
          "ece_10": 0.03860971758618433,
          "mce_15": 0.08015938369113224,
          "brier": 0.15977208242220478,
          "nll": 0.4853038220302674,
          "ndcg_10": 0.8257053872552852
        },
        "calfuse_parametric": {
          "ece_15": 0.041543221745304046,
          "ece_10": 0.03968992919597468,
          "mce_15": 0.08722191745694208,
          "brier": 0.16112931311160364,
          "nll": 0.48887412507647193,
          "ndcg_10": 0.873099406553582
        },
        "calfuse_multical": {
          "ece_15": 0.02857493994627598,
          "ece_10": 0.027278545302765453,
          "mce_15": 0.049854649314508226,
          "brier": 0.15978597873270908,
          "nll": 0.4859101435231672,
          "ndcg_10": 0.8762368124048673
        }
      },
      "cross_encoder": {
        "rrf": {
          "ece_15": 0.03707305122264563,
          "ece_10": 0.025654333513401777,
          "mce_15": 0.08668771065633606,
          "brier": 0.21076502017285675,
          "nll": 0.6101682285233632,
          "ndcg_10": 0.7858191963385038
        },
        "linear_learned": {
          "ece_15": 0.0508197541588967,
          "ece_10": 0.050819754158896696,
          "mce_15": 0.08488187312168013,
          "brier": 0.1452328832765901,
          "nll": 0.4497104591664808,
          "ndcg_10": 0.8562251808327171
        },
        "calfuse_parametric": {
          "ece_15": 0.05330056242786597,
          "ece_10": 0.05330056242786597,
          "mce_15": 0.08700918832778229,
          "brier": 0.14533170814072027,
          "nll": 0.4503052810087961,
          "ndcg_10": 0.8984970538581174
        },
        "calfuse_multical": {
          "ece_15": 0.045992944984711355,
          "ece_10": 0.04599294498471135,
          "mce_15": 0.08215741236411347,
          "brier": 0.1454507616499795,
          "nll": 0.4500178787136172,
          "ndcg_10": 0.8886658839327384
        }
      },
      "ppr_graph": {
        "rrf": {
          "ece_15": 0.039596442658115565,
          "ece_10": 0.02486324263277058,
          "mce_15": 0.18586729384198766,
          "brier": 0.2087874321577303,
          "nll": 0.6063509075471788,
          "ndcg_10": 0.829638314117579
        },
        "linear_learned": {
          "ece_15": 0.05214408566998483,
          "ece_10": 0.05214408566998482,
          "mce_15": 0.08129378357768235,
          "brier": 0.14577931720792084,
          "nll": 0.45140639264055166,
          "ndcg_10": 0.8922748501516496
        },
        "calfuse_parametric": {
          "ece_15": 0.05208674641923249,
          "ece_10": 0.0520867464192325,
          "mce_15": 0.08336700234958708,
          "brier": 0.1457704824237075,
          "nll": 0.45138587324243984,
          "ndcg_10": 0.8922748501516496
        },
        "calfuse_multical": {
          "ece_15": 0.04819947091094426,
          "ece_10": 0.04662702967040415,
          "mce_15": 0.08721709267736283,
          "brier": 0.14707873478926792,
          "nll": 0.4537529830588974,
          "ndcg_10": 0.8953191817763427
        }
      },
      "minhash_lsh": {
        "rrf": {
          "ece_15": 0.03559671423383599,
          "ece_10": 0.02470263042976381,
          "mce_15": 0.06569845159653143,
          "brier": 0.20448671902349277,
          "nll": 0.5965406002553676,
          "ndcg_10": 0.8561526059884322
        },
        "linear_learned": {
          "ece_15": 0.05060112014380043,
          "ece_10": 0.05060112014380042,
          "mce_15": 0.08255842480152492,
          "brier": 0.14546018264229832,
          "nll": 0.4504187107316922,
          "ndcg_10": 0.858141445489015
        },
        "calfuse_parametric": {
          "ece_15": 0.051868311467130626,
          "ece_10": 0.05186831146713064,
          "mce_15": 0.0844742655106927,
          "brier": 0.14563448341363902,
          "nll": 0.4510986180090073,
          "ndcg_10": 0.8863267927127443
        },
        "calfuse_multical": {
          "ece_15": 0.04814690799637565,
          "ece_10": 0.04535595554468484,
          "mce_15": 0.08683302223920358,
          "brier": 0.1465119378386625,
          "nll": 0.4523634292343428,
          "ndcg_10": 0.8720922244744134
        }
      }
    }
  }
}