{
  "fiqa": {
    "all": {
      "rrf": {
        "ece_15": 0.010246159324000878,
        "ece_10": 0.007151255882349987,
        "mce_15": 0.351895447763479,
        "brier": 0.0545971801109523,
        "nll": 0.21988707953961267,
        "ndcg_10": 0.37920132846851745
      },
      "linear_learned": {
        "ece_15": 0.00501919334015827,
        "ece_10": 0.0038435783745445536,
        "mce_15": 0.26501770325544616,
        "brier": 0.04120134399915665,
        "nll": 0.15445159810557424,
        "ndcg_10": 0.705322207251653
      },
      "calfuse_parametric": {
        "ece_15": 0.004216474714575186,
        "ece_10": 0.004211506361172615,
        "mce_15": 0.1163655695057848,
        "brier": 0.04185997495664686,
        "nll": 0.15574564620357065,
        "ndcg_10": 0.7077894882225145
      },
      "calfuse_multical": {
        "ece_15": 0.004400008591713989,
        "ece_10": 0.0035322661238720984,
        "mce_15": 0.1103355352981007,
        "brier": 0.041693235283750414,
        "nll": 0.15453557573658044,
        "ndcg_10": 0.7161447308815194
      }
    },
    "leave_out": {
      "bm25": {
        "rrf": {
          "ece_15": 0.009451939538646901,
          "ece_10": 0.005642237846708972,
          "mce_15": 0.24657634729755418,
          "brier": 0.05335208703845519,
          "nll": 0.21291543350920744,
          "ndcg_10": 0.43406566454435097
        },
        "linear_learned": {
          "ece_15": 0.00499429866408058,
          "ece_10": 0.0034963142059412874,
          "mce_15": 0.3018481888075054,
          "brier": 0.04644690664428072,
          "nll": 0.17547239797558484,
          "ndcg_10": 0.6334534347398437
        },
        "calfuse_parametric": {
          "ece_15": 0.004200767342722746,
          "ece_10": 0.003084347632510753,
          "mce_15": 0.2412281025638825,
          "brier": 0.047583343286064214,
          "nll": 0.17830508149691188,
          "ndcg_10": 0.6265745115577515
        },
        "calfuse_multical": {
          "ece_15": 0.003810373345810655,
          "ece_10": 0.0014420097815346824,
          "mce_15": 0.22524988769613852,
          "brier": 0.04737455798535614,
          "nll": 0.17779518374947043,
          "ndcg_10": 0.6271395303017343
        }
      },
      "dense_bge": {
        "rrf": {
          "ece_15": 0.0028397244551339657,
          "ece_10": 0.00961806414769283,
          "mce_15": 0.39499685238244664,
          "brier": 0.05555870323784044,
          "nll": 0.2242401815231815,
          "ndcg_10": 0.3259907430285973
        },
        "linear_learned": {
          "ece_15": 0.00548073385849331,
          "ece_10": 0.0038295024146636544,
          "mce_15": 0.1913035915388217,
          "brier": 0.04151016909255113,
          "nll": 0.15656021437357656,
          "ndcg_10": 0.6864393466048581
        },
        "calfuse_parametric": {
          "ece_15": 0.0041375974356608145,
          "ece_10": 0.0045247705326887456,
          "mce_15": 0.1711048277106767,
          "brier": 0.04226120978966677,
          "nll": 0.1579873837873339,
          "ndcg_10": 0.6885343768681456
        },
        "calfuse_multical": {
          "ece_15": 0.0046259871798914895,
          "ece_10": 0.004396463734210191,
          "mce_15": 0.16263480958035093,
          "brier": 0.04197515196683513,
          "nll": 0.1564052679293628,
          "ndcg_10": 0.6947266896557991
        }
      },
      "dense_e5": {
        "rrf": {
          "ece_15": 0.000593275759487373,
          "ece_10": 0.000593275759487373,
          "mce_15": 0.000593275759487373,
          "brier": 0.05604547922197998,
          "nll": 0.22586774526746445,
          "ndcg_10": 0.1757631436338193
        },
        "linear_learned": {
          "ece_15": 0.0044539037270713965,
          "ece_10": 0.0031466459367878626,
          "mce_15": 0.9381659543688816,
          "brier": 0.04630425484000356,
          "nll": 0.17439016500250232,
          "ndcg_10": 0.677177496015104
        },
        "calfuse_parametric": {
          "ece_15": 0.0023608060076101126,
          "ece_10": 0.0035607648574347934,
          "mce_15": 0.9462700224658803,
          "brier": 0.046790455093658506,
          "nll": 0.1756002129720837,
          "ndcg_10": 0.6809357501364005
        },
        "calfuse_multical": {
          "ece_15": 0.007076548276424761,
          "ece_10": 0.006950089761758772,
          "mce_15": 0.9462700224658803,
          "brier": 0.04676978573729948,
          "nll": 0.17525327480826713,
          "ndcg_10": 0.6826164319892715
        }
      },
      "cross_encoder": {
        "rrf": {
          "ece_15": 0.010325710340185739,
          "ece_10": 0.007252585772616241,
          "mce_15": 0.4654837629614089,
          "brier": 0.05489209751487101,
          "nll": 0.2206802818564705,
          "ndcg_10": 0.3510799782429553
        },
        "linear_learned": {
          "ece_15": 0.0036375810419489586,
          "ece_10": 0.0036895497811553686,
          "mce_15": 0.140066915815092,
          "brier": 0.04198126443296441,
          "nll": 0.15723395509792157,
          "ndcg_10": 0.7049686058206398
        },
        "calfuse_parametric": {
          "ece_15": 0.003256801934957834,
          "ece_10": 0.0053391512415716415,
          "mce_15": 0.15312048237973264,
          "brier": 0.042888789421764814,
          "nll": 0.1591529540025916,
          "ndcg_10": 0.7144220057679935
        },
        "calfuse_multical": {
          "ece_15": 0.005588845631858736,
          "ece_10": 0.005789607333347507,
          "mce_15": 0.16018242866271803,
          "brier": 0.043144270368563276,
          "nll": 0.1597850908112476,
          "ndcg_10": 0.7164297211218874
        }
      },
      "ppr_graph": {
        "rrf": {
          "ece_15": 0.011237164837119158,
          "ece_10": 0.0060440642929255875,
          "mce_15": 0.5609345721303973,
          "brier": 0.05385316790276952,
          "nll": 0.21620065513192194,
          "ndcg_10": 0.40955200377997375
        },
        "linear_learned": {
          "ece_15": 0.004388967037966069,
          "ece_10": 0.004181195968922085,
          "mce_15": 0.15583040055741693,
          "brier": 0.04188257239024416,
          "nll": 0.1558025189574803,
          "ndcg_10": 0.7079546097556612
        },
        "calfuse_parametric": {
          "ece_15": 0.004200213856965943,
          "ece_10": 0.004151166119219094,
          "mce_15": 0.11605025244950806,
          "brier": 0.04185231951172844,
          "nll": 0.15573858627331136,
          "ndcg_10": 0.7080470598790027
        },
        "calfuse_multical": {
          "ece_15": 0.005092819097461024,
          "ece_10": 0.004651257352997788,
          "mce_15": 0.1445202197570264,
          "brier": 0.04173674555972027,
          "nll": 0.1543891936630232,
          "ndcg_10": 0.7167202037350987
        }
      },
      "minhash_lsh": {
        "rrf": {
          "ece_15": 0.011221849268864409,
          "ece_10": 0.00545794521609162,
          "mce_15": 0.38892615243986717,
          "brier": 0.05433029201840488,
          "nll": 0.21847336918256022,
          "ndcg_10": 0.4007946498750514
        },
        "linear_learned": {
          "ece_15": 0.0043385679737735034,
          "ece_10": 0.0032743964066138448,
          "mce_15": 0.23145086306258145,
          "brier": 0.04117036095165205,
          "nll": 0.15437981397256315,
          "ndcg_10": 0.7065654918857591
        },
        "calfuse_parametric": {
          "ece_15": 0.004164000474138996,
          "ece_10": 0.0042343617795581046,
          "mce_15": 0.11606908968677754,
          "brier": 0.04185241701269127,
          "nll": 0.1557389864795095,
          "ndcg_10": 0.7079805661180298
        },
        "calfuse_multical": {
          "ece_15": 0.004387550903233615,
          "ece_10": 0.0045305421765257405,
          "mce_15": 0.10950439614584129,
          "brier": 0.04162579741601484,
          "nll": 0.1542752562390686,